"planet_key","PLANET","Star_key","Mass","Relative Density","RELATIVE RADIUS","terrain type","Type Of Climate"
1,"Phact Octal",3576,5.73,1.167,1.7,"acid pool; river; grassland; ocean; verdant; hill","rocky; arid; artificial temperate; artic; temperate; frigid"
2,"Phact Quartal",3576,6.61,1.05,1.85,"rocky island; grassy hill","subartic; tropical; humid"
3,"Phact Prime",3576,7.69,1.483,1.73,"vine","temperate; rocky; artic; artificial temperate"
4,"Aldulfin Jiu",3182,4.15,1.398,1.44,"island; bog; plain","humid; superheated; frigid; hot; rocky; artificial temperate"
5,"Aldulfin Qi",3182,2.15,0.9,1.34,"rocky canyon; sinkholes; vine; bog; acid pool","humid; rocky; tropical; arid; superheated"
6,"Sylvarix Atlasios",1575,2.35,1.593,1.14,"urban; verdant; valley; hill","rocky; artic; subartic"
7,"Betelgeuse Omicron",3435,6.55,1.059,1.84,"mountain; lava river; cityscape","temperate; superheated; subartic"
8,"Maia Gaian",2775,1.93,0.753,1.37,"cityscape; ice cave; glacier; cave; jungle","windy; tropical; superheated; subartic"
9,"Maia Centaurios",2775,1.82,0.788,1.32,"cliff","frigid; frozen; tropical"
10,"Comet Veil X",6067,2.47,0.913,1.39,"swamp; cliff","hot; tropical"
11,"Comet Veil XII",6067,5.95,0.802,1.95,"rocky canyon; hill; ocean","temperate; rocky; hot; artificial temperate"
12,"Comet Veil VII",6067,1.97,0.825,1.34,"tundra; grassy hill; fungus forest; volcano; valley; verdant; cliff","arid; temperate; windy; humid; frozen; artificial temperate; hot"
13,"Tsuki's Nebula Pantheon",4209,1.43,1.165,1.07,"rainforest; bog; desert; urban","artificial temperate; hot; windy; tropical"
14,"Tsuki's Nebula Cerberian",4209,5.61,0.857,NA,"rocky island","rocky; subartic"
15,"Tsuki's Nebula Hestian",4209,5.1,1.408,1.54,"forest","rocky"
16,"Whispering Cosmos Theta",7516,1.82,0.859,1.28,"rocky island","temperate"
17,"Whispering Cosmos Delta",7516,6.81,1.643,1.61,"city; valley","windy; artificial temperate"
18,"Whispering Cosmos Omicron",7516,3.65,1.039,1.52,"rocky island; ocean; grassland","frigid; arid; temperate"
19,"Ombraflux Pantheon",7090,3.21,1.302,1.35,"island; grassland","temperate; superheated; arid; humid; subartic"
20,"Dracothra San",8179,1.37,0.799,1.2,"forest; cityscape; river; jungle","hot; subartic; humid; frigid"
21,"Dracothra Si",8179,7.66,0.464,2.55,"city; acid pool; cliff; valley; plateau","rocky; humid; temperate; windy"
22,"Sumi Cascade VI",2991,7.81,1.602,1.7,"forest; verdant; acid pool; field; rocky island; canyons","rocky; windy; subartic; humid; artificial temperate; temperate"
23,"Elkurud Liu",2365,1.33,0.742,1.21,"hill; savanna; field","frigid; windy; hot"
24,"Elkurud Shi",2365,6.07,0.854,1.92,"tundra; vine","subartic; windy; rocky"
25,"Elkurud Ba",2365,4.48,1.134,1.58,"jungle; rainforest; rocky canyon","frozen; frigid; tropical"
26,"Eonara VII",8471,0.81,0.919,0.96,"savanna; mountain","rocky; tropical"
27,"Eonara XI",8471,1.23,1.015,1.07,"urban; lakes; savanna; tundra; island; hill; sea; rainforest","frozen; artificial temperate; humid; arid; rocky"
28,"Eonara III",8471,8.57,0.965,2.07,"tundra; sea; rainforest; grassy hill","artificial temperate; frigid; windy; humid"
29,"Eonara II",8471,1.32,1.248,1.02,"plateau; jungle; cityscape","rocky; superheated"
30,"Eaglecrest Wu",4904,1.27,1.27,1,"urban; hill","artic; subartic; windy"
31,"Eaglecrest Shi",4904,3.16,0.932,1.5,"cliff; hill; swamp; rock arche; mountain; forest","windy; artificial temperate; tropical; subartic; rocky"
32,"Eaglecrest San",4904,1.47,0.675,1.3,"mountain","artificial temperate; humid; hot"
33,"Kasai Ember Si",2641,8.4,0.937,2.08,"rocky canyon; city","humid; rocky; artificial temperate"
34,"Mintaka Rho",1690,7.39,1.185,1.84,"acid pool; rocky island; lava river; sea","frigid; hot; temperate; subartic; tropical"
35,"Luminous Nexus Tau",7443,0.68,1.361,0.79,"island; reef","artificial temperate; rocky; frigid; artic"
36,"Quantumara Cerberian",4819,0.9,0.733,1.07,"field","temperate; tropical; humid; subartic; frozen"
37,"Orion's Echo XVIII",9788,1.88,1.198,1.16,"plain; scrubland","frozen; subartic; artificial temperate; tropical; arid"
38,"Orion's Echo II",9788,2.53,1.18,1.29,"hill; jungle; cityscape; plain; vine","rocky; arid; hot"
39,"Tsubasa Echoes Theta",6854,4.42,1.125,1.58,"plain; glacier","frozen"
40,"Stardrake XI",678,3.35,0.896,1.55,"river; bog; cityscape","artificial temperate; windy; temperate"
41,"Aldhanab Omicron",8292,4.21,0.878,1.69,"cave; cityscape","frozen; frigid; subartic; temperate; hot"
42,"Aldhanab Mu",8292,9.01,1.062,2.04,"cliff","arid; frozen"
43,"Aldhanab Omega",8292,0.84,1.488,0.83,"vine; cliff; ice cave","frigid; rocky; hot"
44,"Frostbeard Shi",9226,5.86,1.072,1.76,"verdant","hot; humid; frozen; tropical"
45,"Umi Celestial Theta",5347,1.97,1.343,1.14,"river; plain","humid; windy; frigid; artificial temperate"
46,"Phantasmal Abyss IV",3572,0.64,1.45,0.76,"rocky canyon; rocky island; sea","arid; artificial temperate; subartic; frigid"
47,"Phantasmal Abyss XXIV",3572,7.79,0.677,2.26,"toxic cloudsea; rocky desert; hill","subartic; frigid; artificial temperate; frozen"
48,"Phantasmal Abyss VII",3572,2.73,0.776,1.52,"glacier; swamp; lava river; urban; desert; sinkholes; verdant","subartic; humid; hot; temperate; arid; tropical; artificial temperate"
49,"Rosaliadecastro Undecimal",6475,1.4,1.136,1.07,"savanna","hot; frigid; humid"
50,"Rosaliadecastro Quartal",6475,6,1.419,1.62,"rocky canyon","temperate; rocky; hot; tropical"
51,"Rosaliadecastro Nonal",6475,1,1.087,0.97,"canyons","hot; subartic; superheated; temperate"
52,"Rosaliadecastro Sextant",6475,1.09,0.399,1.4,"sea; desert; ocean","artificial temperate; artic; arid"
53,"Vermilion Expanse Alpha",7953,NA,0.412,1.31,"barren; cliff","frozen; arid"
54,"Tevel Phi",9578,1.78,1.273,NA,"rainforest; sea; rocky island","humid; arid"
55,"Tevel Gamma",9578,4.44,0.734,NA,"city; savanna; valley; cliff; tundra","frigid; artic; rocky"
56,"Tevel Eta",9578,4.39,1.177,NA,"acid pool; mountain; tundra; city","windy; artificial temperate; humid; frigid"
57,"Tevel Kappa",9578,2.42,0.61,1.58,"desert; savanna","arid; windy; frigid; superheated"
58,"Sadachbia Atlasios",4481,1.4,1.047,1.1,"grassland; grassy hill; cityscape","temperate; hot; humid"
59,"Stardrax Dionian",5007,1.54,0.534,1.42,"volcano; field","artificial temperate; superheated; frozen; temperate"
60,"Helian Nebula Liu",7252,0.69,0.945,0.9,"fungus forest; reef; sea; bog","frigid; arid; humid"
61,"Anubis' Echo Nonal",6889,2.38,0.439,1.76,"plain; ash","hot"
62,"Anubis' Echo Vigesimal",6889,1.6,1.164,1.11,"sea; river; mountain; forest; cliff; rock arche","superheated; artificial temperate; frigid; hot; tropical"
63,"Anubis' Echo Tertial",6889,NA,0.788,1.65,"savanna; sinkholes; forest","artificial temperate; arid; hot; temperate; rocky"
64,"Zibal Wu",1600,3.75,0.752,1.71,"rock arche; urban; jungle; rainforest","arid; windy; hot; humid"
65,"Zibal Ba",1600,6.46,0.558,2.26,"mountain; ocean; plain; sinkholes; glacier; ice canyon","temperate; artificial temperate; superheated; rocky; frigid; arid; tropical"
66,"Zibal Er",1600,1.42,0.907,1.16,"valley; cave; sinkholes; acid pool; ocean","rocky; hot; subartic; temperate"
67,"Zibal Jiu",1600,2.2,0.769,1.42,"rocky canyon; acid pool; fungus forest; island; jungle","humid; arid; tropical; subartic"
68,"Albali Atlasios",9474,3.22,1.375,NA,"acid pool; rock arche; cityscape; island","tropical; humid; artic; windy; rocky; frigid"
69,"Rōka Irisian",3493,1.25,1.184,1.02,"cliff; jungle","frozen; subartic; tropical; hot"
70,"Keid Omicron",8021,4.41,1.041,1.62,"plateau; hill; rocky canyon","artificial temperate; frigid"
71,"Ascella XII",8513,3.29,0.78,1.62,"ocean; lakes; rock arche; fungus forest; river","subartic; tropical; frozen"
72,"Skyforged Apollox",7872,1.74,0.82,1.29,"fungus forest; cave; field; savanna; island","rocky; hot; artic; windy"
73,"Stellar Whisper XXIII",5147,2.23,1.303,1.2,"canyons; verdant; plateau; swamp","tropical; humid; temperate; artificial temperate; windy"
74,"Ketsueki Whispers III",961,7.85,0.774,2.16,"grassland; desert; plain; rocky canyon; rocky island; reef","windy; frozen; artic; humid; artificial temperate; rocky"
75,"Radiara Iota",2110,NA,1.274,1.98,"hill; savanna","subartic; superheated; rocky"
76,"Radiara Lambda",2110,6.76,0.608,2.23,"volcano; rocky canyon; rainforest","temperate; superheated; windy"
77,"Hotaru Ascendance Omicron",5078,1,1.056,NA,"lava river; ice canyon","windy; artic; subartic; superheated; humid; frigid; temperate"
78,"Hotaru Ascendance Xi",5078,7.41,1.227,1.82,"valley","subartic"
79,"Hotaru Ascendance Epsilon",5078,3.07,1.248,1.35,"cityscape; bog; jungle","tropical; superheated; humid"
80,"Blizzardclaw Mu",2400,4.68,0.675,1.91,"vine; island","hot; humid; artic"
81,"Blizzardclaw Eta",2400,3.48,0.989,1.52,"glacier; ice cave","artificial temperate; arid; frozen; artic"
82,"Blizzardclaw Kappa",2400,7.55,0.83,2.09,"reef; glacier","humid; frozen; arid; hot"
83,"Arcadian Whispers Astraeos",4309,6.48,0.66,2.14,"grassy hill; acid pool; reef; ocean","subartic; temperate; superheated; rocky"
84,"Arcadian Whispers Herculean",4309,0.61,1.604,0.72,"desert; plateau","arid"
85,"Arcadian Whispers Helios",4309,0.86,1.097,0.92,"vine; valley","arid"
86,"Arcadian Whispers Poseidian",4309,1.58,0.807,1.25,"urban","temperate; tropical; rocky; artificial temperate; superheated; frigid"
87,"Torii Shadows I",4386,0.78,1.062,0.9,"rock arche; toxic cloudsea; river; rocky canyon; ice canyon; mountain","temperate; rocky; frozen; humid"
88,"Torii Shadows XIX",4386,NA,1.117,1.04,"volcano; field; vine","temperate; arid; superheated"
89,"Torii Shadows XIV",4386,1.37,0.883,1.16,"cliff; island; mountain; glacier; plain","artificial temperate; subartic; arid"
90,"Torii Shadows XXIII",4386,6.12,1.067,1.79,"sea; hill; cliff; valley; rocky island","tropical; temperate; arid"
91,"Kaze Horizon Decimal",2691,5.55,1.449,1.56,"rocky canyon; lakes","hot; artificial temperate; rocky; subartic; artic"
92,"Kaze Horizon Quintal",2691,9.3,1.168,2,"sinkholes; cave","superheated; frozen; windy"
93,"Kaze Horizon Tertial",2691,4.66,0.816,1.79,"jungle","tropical"
94,"Menkib XIII",520,1.78,1.133,1.16,"city; vine","rocky; windy"
95,"Bonsai Gaze Eta",9683,1.45,0.908,1.17,"rocky island; swamp; grassy hill; rock arche","rocky; humid; subartic"
96,"Wasat Nyxios",4381,2.15,0.957,1.31,"city; fungus forest; plain; cityscape; jungle","superheated; humid; frigid; rocky"
97,"Wasat Tritonian",4381,0.74,1.007,0.9,"rocky canyon; valley; glacier; tundra; mountain; bog","temperate; artificial temperate; subartic; artic"
98,"Celestial Ember Secant",7834,0.48,1.112,0.76,"field; rocky island; lakes","temperate; tropical; arid"
99,"Celestial Ember Septimal",7834,0.8,1.205,0.87,"cliff; fungus forest; toxic cloudsea; grassy hill; vine","rocky; tropical; artic; subartic; frozen; artificial temperate; arid"
100,"Celestial Ember Tertial",7834,7.87,0.932,2.04,"vine","arid; artic; artificial temperate; superheated; frigid; hot"
101,"Grumium XVIII",3299,2.08,0.671,1.46,"vine; reef; tundra; field; lakes","temperate; rocky; superheated"
102,"Quasarlynx Beta",8894,6.94,1.304,NA,"acid pool","rocky; frigid; superheated; artificial temperate"
103,"Quasarlynx Lambda",8894,4.94,1.16,1.62,"plain; valley; ocean; grassy hill; rock arche","tropical; frigid; humid; subartic"
104,"Quasarlynx Omega",8894,1.82,1.221,1.14,"hill; ocean; jungle; lava river; rocky canyon; jungle; glacier","tropical; frigid; subartic; hot; artificial temperate; artic"
105,"Quasarlynx Mu",8894,1.2,0.945,1.08,"ice canyon; bog","hot; rocky; windy; frozen; artificial temperate; frigid; artic"
106,"Eagleeye Liu",5429,8.89,0.549,2.53,"field; plain","temperate; tropical"
107,"Eagleeye Er",5429,1.19,0.635,1.23,"river; cave; verdant; hill","rocky; superheated; frozen"
108,"Eagleeye Wu",5429,2.97,0.639,1.67,"ocean","temperate; rocky; arid; humid"
109,"Cervantes Orphean",232,1.16,0.896,1.09,"hill","superheated; hot"
110,"Thunderpeak Museios",7526,4.99,0.907,1.77,"sea; grassy hill","windy; subartic; frigid; humid"
111,"Thunderpeak Asclepian",7526,1.09,0.583,1.23,"savanna; sinkholes; jungle; sea; rock arche; tundra; urban; river","artic; rocky; temperate; arid; tropical; superheated"
112,"Thunderpeak Gaian",7526,6.57,1.094,1.82,"forest; rocky canyon; toxic cloudsea; scrubland","hot; tropical; subartic; arid; artic; frozen"
113,"Kōkei Labyrinth XXII",9864,2.06,1.113,1.23,"ice cave","temperate; artificial temperate; subartic; windy"
114,"Kōkei Labyrinth XVI",9864,NA,0.924,1.12,"bog","temperate; windy; arid; humid; hot"
115,"Pherkad Poseidian",3024,5.22,0.444,2.27,"tundra; jungle; bog; volcano; rocky canyon","humid; superheated; frozen; artic; artificial temperate; frigid; hot"
116,"Elgafar San",8446,1.27,0.782,1.18,"fungus forest; ice cave","windy; rocky; frigid; humid; superheated"
117,"Elgafar Shi",8446,2.46,0.763,1.48,"grassy hill; desert; fungus forest","hot; windy; tropical"
118,"Diya Epsilon",5809,0.45,0.679,0.87,"rainforest","windy; superheated"
119,"Diya Pi",5809,NA,1.36,1.12,"cliff","artificial temperate; arid"
120,"Pulsarianix Decimal",3146,4.34,1.14,1.56,"rocky canyon; ocean; grassland; cityscape; vine","frozen; temperate; artic; artificial temperate; windy"
121,"Pulsarianix Octal",3146,NA,1.086,1.9,"forest","hot; artificial temperate"
122,"Pulsarianix Vigesimal",3146,2.65,1.184,1.31,"glacier; mountain; vine; rocky desert; forest; canyons","artic; artificial temperate; subartic; frigid"
123,"Pulsarianix Septimal",3146,5.67,1.095,1.73,"reef; tundra","superheated; tropical; arid; frigid; subartic"
124,"Cujam Undecimal",8694,1.12,0.616,1.22,"rocky island; cityscape","humid; subartic; frigid; arid; tropical; temperate"
125,"Cujam Quintal",8694,1.36,1.047,1.09,"urban","superheated; rocky; arid"
126,"Cujam Vigesimal",8694,4.85,1.246,1.57,"cave; savanna","rocky; arid; hot; frozen"
127,"Maasym Pi",240,5.4,0.804,1.89,"island; mountain; lakes; tundra; acid pool","humid; artic; tropical"
128,"Maasym Omega",240,1.4,0.557,1.36,"sea; ocean; lakes; city","humid; arid; artic; frozen"
129,"Maasym Chi",240,8.34,0.74,2.24,"mountain; field; rocky canyon; desert; rocky desert; city","subartic; rocky; artificial temperate; frozen"
130,"Rigel Jiu",7392,0.94,0.713,1.1,"urban; jungle; sinkholes; volcano; verdant; cliff; field","humid; tropical; frigid; artificial temperate; hot; subartic"
131,"Moldoveanu Nonal",2359,3.48,1.429,1.35,"cityscape; field; cliff; plain; glacier","frozen; hot; rocky"
132,"Moldoveanu Duodecimal",2359,3.16,1.121,1.41,"jungle; vine; island; lakes; ash; hill; river; rocky desert","artificial temperate; subartic; superheated; tropical; arid; frozen; windy"
133,"Mesarthim Typhonian",5561,2.49,1.188,1.28,"island","frigid; windy; artificial temperate"
134,"Lunaris Iota",9567,0.77,1.104,0.89,"ice cave; grassy hill; jungle; canyons","humid; subartic; tropical; windy; artificial temperate"
135,"Mazaalai Dionysios",196,7.39,0.114,4.01,"city; verdant; rainforest; fungus forest","superheated; temperate; tropical"
136,"Mazaalai Tritonian",196,1.15,1.246,0.97,"swamp; city; island; verdant; sea","temperate; humid; frozen"
137,"Mazaalai Gaios",196,7.37,0.364,2.72,"plateau; vine; river","artificial temperate; tropical; windy; frozen; humid; temperate; artic"
138,"Heliosara Museios",268,1.39,0.671,1.27,"fungus forest; verdant; acid pool; ocean; plain","rocky; tropical; hot; temperate; windy"
139,"Elysiumix XXIII",9460,5.23,0.849,1.83,"urban; plain","frozen; artificial temperate; artic; humid"
140,"Elysiumix XIII",9460,3.96,0.75,1.74,"grassy hill; river; toxic cloudsea; island; ice cave","windy; subartic; artic; artificial temperate"
141,"Kaus Australis Nymphios",5863,1.56,1.115,1.12,"swamp; bog; canyons; forest","temperate; artificial temperate; humid"
142,"Arcanix Ba",4371,1.03,0.587,1.21,"volcano; ocean; plateau","hot; arid; artificial temperate; temperate"
143,"Arcanum Flux IX",5924,8.82,0.798,2.23,"rocky canyon; city","artificial temperate"
144,"Nembus Quintal",5770,3.5,1.264,1.4,"reef; plain; fungus forest; volcano; cityscape; valley; rocky desert; barren","humid; frozen; arid; temperate; artic"
145,"Nembus Duodecimal",5770,2.32,1.039,1.31,"grassy hill; city","humid"
146,"Nembus Undecimal",5770,2.4,1.579,1.15,"ocean; rocky canyon; hill; fungus forest; lava river; vine","humid; artificial temperate; superheated; temperate; subartic"
147,"Gakyid III",7265,5.87,0.965,NA,"rock arche; vine","rocky; superheated"
148,"Gakyid XXI",7265,2.19,1.418,1.16,"ice canyon; reef; lakes; rocky desert","frigid; artic; subartic; artificial temperate; windy; frozen"
149,"Gakyid V",7265,1.97,0.723,1.4,"rocky canyon; forest; ocean; fungus forest","artificial temperate; humid; arid"
150,"Gakyid IX",7265,3.85,0.843,1.66,"ice canyon; cave; vine; island; volcano; verdant; sea","windy; artificial temperate; subartic; hot; temperate; frozen"
151,"Nebula Nexus XII",9485,0.42,1.145,0.72,"rainforest","temperate; tropical; arid; superheated"
152,"Acrab Tritonian",7760,4.3,0.891,1.69,"tundra; barren; ice canyon; canyons; bog; grassy hill; acid pool; forest","windy; artificial temperate; arid; tropical; humid; artic"
153,"Alfirk Hecatean",8973,2.24,1.037,1.29,"vine; jungle; glacier","frozen; humid"
154,"Caph Liu",7580,1.19,0.659,1.22,"vine; verdant","superheated; windy; temperate; subartic"
155,"Caph San",7580,1.99,0.581,1.51,"rocky canyon; jungle; cliff","humid; subartic; frozen; temperate; windy"
156,"Caph Jiu",7580,5.74,0.669,2.05,"tundra; rock arche; sinkholes; urban","tropical; hot; humid; arid; rocky"
157,"Orionyx Poseidian",4764,0.68,1.158,0.84,"rocky island; savanna; vine; volcano","superheated; temperate; artic"
158,"Orionyx Dionian",4764,0.72,1.319,0.82,"reef; grassy hill","windy; tropical; arid; subartic; humid"
159,"Orionyx Nymphios",4764,0.66,1.015,NA,"ash","temperate; hot"
160,"Orionyx Nemesisian",4764,2.59,0.709,1.54,"sea; forest","windy; artic; hot; frigid; tropical"
161,"Ukdah XI",7778,0.8,1.107,0.9,"island; barren; ice canyon; bog","subartic; humid; temperate; arid"
162,"Quanticus Faunios",4925,1.95,0.972,NA,"canyons; lava river; volcano; reef","arid; hot; frozen; humid"
163,"Eldritch Veil Alpha",3500,2.72,0.799,1.5,"acid pool; rocky desert; fungus forest","superheated; hot; windy; rocky; arid"
164,"Ran Septimal",7929,1.69,0.849,1.26,"rock arche; jungle; lakes","frozen; temperate; tropical; windy; artic"
165,"Ran Duodecimal",7929,6.55,1.143,1.79,"cliff; valley; jungle","subartic; frozen; frigid; temperate; tropical; artificial temperate"
166,"Ran Secant",7929,1.95,0.576,1.5,"acid pool; forest; desert; cave; sinkholes; rainforest","superheated; frozen; artic; humid; tropical; subartic"
167,"Menkalinan Yi",6332,5.52,1.004,1.77,"desert; urban; mountain; river; verdant","tropical; arid; subartic"
168,"Menkalinan Si",6332,2.49,1.061,1.33,"hill; ocean","tropical"
169,"Libertas XXI",778,1.59,0.542,1.43,"valley; jungle","windy; humid"
170,"Sakura's Labyrinth Xi",7139,0.65,0.81,0.93,"cave","tropical; artic"
171,"Olympus Anomaly Alpha",1804,4.97,1.141,1.63,"ice cave; ash; forest; rocky canyon; plateau; hill; cliff","humid; subartic; frozen; artic; superheated; hot; artificial temperate"
172,"Olympus Anomaly Zeta",1804,1.96,0.977,1.26,"plain; lakes; tundra; acid pool; city; canyons; rocky desert; fungus forest","subartic; tropical; rocky; temperate; frigid; artic"
173,"Olympus Anomaly Mu",1804,1.92,1.17,1.18,"sea","frigid; artificial temperate; windy; frozen; superheated; rocky; humid"
174,"Olympus Anomaly Chi",1804,4.95,0.862,1.79,"cave; acid pool","frozen; arid; humid; frigid; windy; artic"
175,"Cassionix XIV",3339,8.53,1.013,2.03,"lakes; mountain; canyons; city; swamp; savanna; ice canyon; volcano; rocky desert; toxic cloudsea; tundra","temperate; frozen; humid; artificial temperate; superheated; tropical; hot"
176,"Marsic XI",5180,9.21,1.052,2.06,"ice canyon","hot; subartic"
177,"Marsic XVI",5180,2.22,0.993,1.31,"glacier; bog","temperate; frigid; tropical; windy"
178,"Marsic IV",5180,0.91,0.985,0.97,"river; city","arid; windy; artificial temperate"
179,"Chasoň Museios",9994,8.17,1.089,1.96,"plateau; field; rocky desert","humid; superheated"
180,"Ignifera Prime",5346,0.95,0.935,1.01,"valley; canyons; ash; grassy hill; lava river; rock arche; barren","hot; arid; artificial temperate; windy; artic; temperate; superheated"
181,"Ignifera Quintal",5346,4.03,1.468,1.4,"jungle; tundra; urban","subartic; hot; frigid; superheated"
182,"Obelisk Shadows Cerberian",5737,2.46,0.743,1.49,"lava river; rock arche; grassland","temperate; frigid; frozen; arid"
183,"Bharani Sigma",4948,7.81,1.417,1.77,"lakes; desert; reef; volcano","subartic; frigid; temperate; superheated"
184,"Achird V",4269,0.58,1.015,0.83,"cave","frigid"
185,"Ninja's Radiance Quintal",310,2.01,0.861,1.33,"plateau; sinkholes","windy; arid; tropical; artificial temperate; superheated; artic; frozen"
186,"Ryusei Radiance XI",9739,4.42,1.144,1.57,"city","windy"
187,"Ryusei Radiance VI",9739,2.08,0.939,1.3,"glacier; bog; rocky island; acid pool; mountain","hot; temperate; rocky; frozen; tropical"
188,"Osiris Cascade Ba",5217,2.45,0.827,1.44,"sinkholes; cliff; lakes","hot; frozen"
189,"Beemim San",2621,6.56,1.029,1.85,"savanna; tundra; rocky desert; rocky island","windy; subartic; frozen; superheated; artificial temperate"
190,"Beemim Jiu",6318,1.93,1.154,1.19,"desert; lava river; cliff; ocean; city","hot; windy; subartic; frigid"
191,"Beemim Si",6318,4.51,1.151,1.58,"hill","frigid; humid"
192,"Beemim Ba",6318,3.09,1.256,1.35,"desert; vine; bog; jungle; lakes; river","tropical; windy; hot; arid; rocky; humid"
193,"Hannya's Expanse VIII",9742,2.48,1.063,1.33,"lava river; rainforest; plain","windy; superheated; hot; subartic"
194,"Kaveh Selenean",5547,1.63,1.181,1.11,"sinkholes","artic; arid; hot"
195,"Ayame Cascade Gamma",8129,4.12,1,1.6,"forest; cliff; rock arche; river","rocky; humid; artic; artificial temperate; hot"
196,"Starlight Whisper Zephyrian",855,2.53,1.122,1.31,"plain; canyons","arid; artificial temperate; hot; superheated; windy"
197,"Starlight Whisper Gaian",855,1.22,1.583,0.92,"glacier; urban; ash; savanna","tropical; windy; superheated; artic"
198,"Starlight Whisper Faunios",855,1.56,0.861,1.22,"bog; volcano; lakes","artificial temperate; hot"
199,"Intan VIII",5516,1.23,1.411,0.96,"rainforest; rock arche; mountain","artic; frozen; humid; frigid"
200,"Alya XVIII",1161,9.2,0.886,2.18,"city; grassland; ice cave; island; sea; rocky canyon; grassy hill","superheated; artificial temperate; temperate; arid; subartic"
201,"Mahsati Zeta",7595,2.48,1.199,1.27,"river; hill; tundra","hot; windy; frigid"
202,"Mahsati Omega",7595,NA,1.078,2.03,"grassy hill; rocky canyon; acid pool; canyons","artic; rocky; tropical; humid"
203,"Mahsati Epsilon",7595,0.65,1.158,0.82,"swamp; reef; island; cave","frigid; temperate; humid; subartic"
204,"Diadem Undecimal",4823,6.74,1.141,1.81,"reef; plain; acid pool; volcano; river","artic; temperate; hot; frozen"
205,"Diadem Septimal",4823,4.47,1.202,1.55,"rocky desert; rocky canyon; sea; desert","artificial temperate; frozen; artic; superheated; humid; temperate; arid"
206,"Macondo Demetrian",2711,7.14,1.029,1.91,"bog","superheated; rocky; temperate; arid"
207,"Wolfheart II",6975,0.81,1.265,0.86,"sinkholes","artificial temperate; hot; tropical; humid"
208,"Quantum Quasar Aetherios",7700,9.92,1.154,2.05,"tundra; ice cave; urban","rocky; arid; artic"
209,"Isis Threshold Morphean",2969,NA,0.861,2.02,"tundra; plain; city; grassland; forest; urban","artic; frozen; subartic; temperate"
210,"Elnath Herculean",9166,7.24,1.437,1.71,"city; canyons; hill; field","temperate; hot; tropical; rocky"
211,"Elnath Tritonian",9166,1.69,0.609,1.41,"desert; mountain; swamp","arid; tropical; windy"
212,"Ankaa Jiu",7524,1.04,0.583,1.21,"toxic cloudsea; field","temperate; rocky; frozen"
213,"Ankaa Qi",7524,1.5,1.092,1.11,"rocky desert; jungle; toxic cloudsea; river; plain","artificial temperate; humid; artic"
214,"Stormcaller XI",7911,2.58,1.292,NA,"jungle; bog","hot; artic; arid; superheated"
215,"Kōri Chi",682,2.67,1.149,1.32,"savanna; acid pool; jungle; volcano; tundra; reef","tropical; frigid; hot; rocky"
216,"Zosma Tertial",5514,1.61,0.835,1.24,"glacier; rainforest; city; volcano","subartic; superheated; artic"
217,"Zosma Undecimal",5514,3.64,1.048,1.51,"rocky canyon; reef; river; verdant; city; grassland; plateau; plain; barren; forest","hot; artic; frozen; humid; tropical; arid; superheated"
218,"Zosma Septimal",5514,1.62,1.01,1.17,"savanna; river; fungus forest; sea; ocean; vine; cliff; urban; toxic cloudsea","hot; frigid; rocky; windy; superheated; artic; temperate"
219,"Saiph Undecimal",6998,NA,1.064,0.86,"","windy"
220,"Celestial Serenity XIII",5295,5.29,0.991,1.75,"glacier; cave","frozen; superheated; arid; rocky; subartic; tropical"
221,"Celestial Serenity V",5295,1.94,0.465,1.61,"cityscape; mountain; bog","artificial temperate; tropical; hot; frozen; superheated"
222,"Celestial Serenity XXII",5295,1.61,0.919,1.21,"lakes; city; bog; grassy hill; verdant; plain; urban; ice canyon","superheated; temperate; humid; frigid; rocky; hot"
223,"Ashlesha Sirenios",2756,9.22,0.866,2.2,"forest","temperate; humid; rocky"
224,"Ashlesha Zephyrian",2756,NA,1.33,0.7,"vine; acid pool; jungle; mountain","frozen; temperate; hot; superheated; windy"
225,"Ashlesha Artemian",2756,9.5,1.06,2.08,"cave; rocky canyon; reef; tundra","subartic; tropical; hot; artic; frigid"
226,"Ashlesha Aetherios",2756,2.37,0.942,NA,"cliff; bog; grassland","frigid; temperate; humid"
227,"Sadalbari Er",7318,5.75,0.942,1.83,"rock arche; river; jungle","tropical; frigid; subartic; artificial temperate"
228,"Rigil Kentaurus Psi",2509,2.57,0.566,1.66,"toxic cloudsea; lakes","frozen"
229,"Rigil Kentaurus Alpha",2509,3.52,1.166,1.45,"ocean; reef; barren","arid; hot; windy; rocky"
230,"Rigil Kentaurus Tau",2509,9.32,1.002,2.1,"rocky island","windy; rocky"
231,"Rigil Kentaurus Theta",2509,8.72,0.836,2.19,"tundra; cityscape","windy; artificial temperate; frigid"
232,"Fulu XIII",3844,2.6,0.884,1.43,"cave; canyons; rainforest; field; volcano; island; valley","artificial temperate; temperate; subartic; frozen; tropical; arid"
233,"Fulu XX",3844,5.81,1.463,1.58,"lakes; canyons; scrubland","frigid; windy; temperate; humid; artic; subartic; arid"
234,"Ephemeral Labyrinth XVII",2251,NA,1.008,1.12,"island; bog","rocky; temperate; tropical; arid"
235,"Altair Omicron",6570,3.41,1.168,1.43,"scrubland; ice cave; field; grassy hill","temperate; artic; frigid; windy; superheated; frozen; arid"
236,"Pulsar Serenity Wu",3539,6.85,0.936,1.94,"valley; bog; cityscape; ice canyon; acid pool; river","artificial temperate; artic; arid; humid"
237,"Pulsar Serenity Qi",3539,4.65,0.881,1.74,"ice canyon","arid; subartic; frozen; frigid; hot"
238,"Pulsar Serenity Jiu",3539,7.64,1.371,1.77,"canyons; island","subartic; rocky; frozen; tropical; windy; hot"
239,"Anadolu Cerberian",1154,1.05,0.777,1.11,"island; canyons","arid; temperate; rocky"
240,"Anadolu Asclepian",1154,1.19,0.758,1.16,"ice canyon; rocky canyon; vine; desert; lakes; cliff; urban","hot; tropical; frozen; superheated; frigid; arid"
241,"Anadolu Aetherios",1154,NA,1.238,1.43,"desert","frigid; artificial temperate; frozen; rocky"
242,"Anadolu Pegasusian",1154,1.21,0.883,1.11,"forest","frozen; artificial temperate; artic"
243,"Chaophraya Quartal",558,2.11,0.764,1.4,"mountain; desert","hot; tropical; temperate; superheated"
244,"Algorab Duodecimal",5130,0.94,1.315,0.89,"sea; desert; lakes; vine; cliff","frigid; frozen; subartic; rocky"
245,"Algorab Septimal",5130,1.58,0.792,1.26,"jungle; jungle","frozen; windy; hot; rocky; artic"
246,"Zaurak Wu",6685,4.09,1.362,1.44,"canyons","rocky; frozen; tropical; windy; temperate"
247,"Zaurak Er",6685,0.54,0.69,0.92,"field","temperate"
248,"Zaurak Shi",6685,7.26,0.795,2.09,"vine","artificial temperate; temperate; humid; rocky; subartic; frozen; tropical"
249,"Ain Sextant",9479,2.65,0.942,1.41,"ash; rock arche","hot; temperate; arid"
250,"Ain Prime",9479,3.42,1.201,1.42,"sinkholes","arid; frigid; superheated"
251,"Ain Tertial",9479,2.04,1.636,1.08,"cityscape","subartic; tropical; windy"
252,"Ebon Labyrinth Jiu",4612,3.25,0.624,1.73,"urban; ice canyon; plain; city; barren; river","arid; frigid; temperate; hot"
253,"Ebon Labyrinth Ba",4612,3.09,0.963,1.48,"cliff; field; fungus forest; rainforest; river; forest; cave","hot; frigid; subartic; humid; artic; frozen"
254,"Ebon Labyrinth Qi",4612,1.88,1.288,1.13,"jungle; cave; river; urban; cliff","temperate; hot; superheated; artic"
255,"Ebon Labyrinth Si",4612,1.97,0.717,1.4,"swamp; rainforest; tundra; ice canyon; cliff; valley","rocky; frozen; subartic; tropical"
256,"Pulsar Seraph Xi",3163,9.37,0.995,2.11,"hill; sea; city","tropical; superheated; artificial temperate"
257,"Quantum Mirage II",9649,9.25,1.082,2.04,"river; island","humid; temperate; frozen"
258,"Quantum Mirage XXIII",9649,0.93,1.119,0.94,"fungus forest; volcano; lava river","hot; subartic; windy; frigid; frozen; tropical"
259,"Ronin's Enigma VI",4849,6.41,0.971,1.88,"toxic cloudsea; hill","artic"
260,"Ravenfury Centaurios",9782,0.73,0.738,1,"ice cave; desert","artic; windy; rocky; frozen"
261,"Ravenfury Faunios",9782,4.49,0.777,1.79,"glacier; lakes; cliff; rainforest","subartic; humid; rocky; superheated"
262,"Sharjah Gaios",2374,0.77,0.959,0.93,"plain; rocky desert","frozen"
263,"Kūkan Cascade Hermesios",5829,1.27,1.291,0.99,"valley","artificial temperate; rocky"
264,"Kūkan Cascade Hestian",5829,2.29,0.665,1.51,"rocky desert; rainforest; plateau; valley; cave","frozen; arid; superheated; subartic"
265,"Kūkan Cascade Echoian",5829,5.44,0.99,1.76,"glacier","artic; temperate; artificial temperate; frozen"
266,"Kūkan Cascade Asclepian",5829,5.28,1.122,1.68,"reef","tropical; frigid; rocky; hot"
267,"Astrobane XV",1811,7.1,0.769,2.1,"plateau; sea; ice cave; volcano","hot; tropical; subartic; windy"
268,"Astrobane XIX",1811,1.82,0.912,1.26,"ash; verdant","rocky; superheated"
269,"Astrobane XVI",1811,4.09,1.198,1.51,"ocean; fungus forest; reef","humid; arid"
270,"Solaraflux Poseidian",4755,8.87,1.327,NA,"plain","artificial temperate; arid; windy"
271,"Solaraflux Psychean",4755,4.6,0.848,1.76,"fungus forest; cliff; toxic cloudsea; mountain; hill; rocky island","artificial temperate; temperate; artic; frigid; humid; subartic"
272,"Solaraflux Herculean",4755,3.22,1.144,NA,"urban; ice canyon","windy; subartic"
273,"Kamuy Lambda",8964,1.44,1.041,NA,"plain; urban","frozen; frigid"
274,"Kamuy Delta",8964,3.99,0.955,1.61,"city","artic; rocky"
275,"Kamuy Rho",8964,8.53,1.117,1.97,"plain; lava river; ocean; island; sinkholes; ice canyon; rock arche; sea; valley; river; glacier","artic; artificial temperate; superheated; tropical; temperate; arid; rocky"
276,"Stellarnova Er",463,3.06,1.14,1.39,"","windy"
277,"Stellarnova Shi",463,1.62,0.881,1.23,"glacier; cave; hill; city; grassland; cityscape; vine","artificial temperate; hot; subartic; rocky; temperate; windy"
278,"Stellarnova Yi",463,1.48,1.363,1.03,"ocean","temperate; subartic; artificial temperate; windy"
279,"Stellarnova San",463,NA,0.574,NA,"plain; river; cave; rock arche; glacier; city","superheated; rocky; artic; frozen"
280,"Aetherion Asclepian",7204,1.05,1.551,0.88,"plateau; rainforest; grassy hill; acid pool; ice canyon; tundra; scrubland","hot; arid; superheated; temperate; frozen; subartic; tropical"
281,"Sulafat Prime",7944,2.18,1.045,1.28,"mountain; city","artificial temperate"
282,"Funi Liu",4628,4.49,1.307,1.51,"plateau; island; cave","artic; rocky; subartic; windy; artificial temperate; frigid"
283,"Funi San",4628,7.39,0.85,2.06,"sinkholes","tropical; temperate; humid; superheated; frozen; windy; artificial temperate"
284,"Symbionix Phi",6364,7.03,1.039,1.89,"jungle; island; canyons; plateau; forest","frigid; tropical; artificial temperate; artic; windy; arid"
285,"Symbionix Xi",6364,3.45,1.079,1.47,"city; island; ice cave; canyons; savanna; urban; rock arche","frozen; artic; rocky; frigid; subartic; superheated"
286,"Symbionix Beta",6364,6.82,0.727,2.11,"cliff; bog; jungle","artic; hot"
287,"Symbionix Iota",6364,3.15,1.244,1.36,"cave; sea; ice cave","tropical; frozen; windy; arid"
288,"Aquilan Anomaly XIX",5344,7.8,0.727,2.21,"lakes","temperate; rocky; tropical; frozen"
289,"Aquilan Anomaly XIV",5344,1.52,1,1.15,"rock arche","frozen"
290,"Aquilan Anomaly II",5344,2.54,0.941,1.39,"lava river; ocean","rocky; windy; hot; temperate; frigid; tropical"
291,"Astrolithium Hermian",5620,NA,1.216,1.89,"verdant; urban; sea; rainforest; grassland","humid; superheated; subartic; tropical"
292,"Antares XV",6165,5.94,1.153,1.73,"jungle; sea; island","hot; subartic; superheated; rocky"
293,"Antares XXII",6165,3.66,1.038,1.52,"glacier","frigid; frozen; superheated"
294,"Darkonium Gaian",7955,1.03,0.414,1.35,"tundra; river","tropical; rocky; frozen; humid; frigid"
295,"Darkonium Centaurios",7955,6.29,0.885,1.92,"plateau; field; ocean; ash; reef","rocky; superheated; tropical; arid; artic; windy"
296,"Darkonium Zephyrian",7955,5.18,0.899,1.79,"valley","humid; artificial temperate; frigid"
297,"Kawa Enigma Ba",2091,1.93,1.256,1.15,"reef","windy; subartic; hot"
298,"Kawa Enigma San",2091,1.43,1.256,1.04,"rocky island; rocky desert","artificial temperate; superheated; temperate; humid; arid; windy"
299,"Formosa Persephonian",2649,1.05,0.856,1.07,"hill; reef; vine; swamp; cave","rocky; subartic; artificial temperate; windy; arid; tropical; artic"
300,"Cosmic Cascade San",2608,NA,0.723,1.16,"rock arche; lakes","rocky; superheated; artic; arid; frozen"
301,"Cosmic Cascade Liu",2608,0.86,0.922,0.98,"plateau; jungle; bog","tropical; artificial temperate; subartic; artic; temperate"
302,"Cosmic Cascade Er",2608,1.81,1.261,1.13,"glacier; ice canyon; sea; city; vine","artificial temperate; frozen; frigid"
303,"Cosmic Cascade Qi",2608,9.26,0.734,2.33,"plateau; plain; sinkholes","artificial temperate; hot"
304,"Castula Prime",4831,7.47,0.791,2.11,"jungle; tundra; rainforest; ocean","humid; temperate; artificial temperate; tropical; subartic"
305,"Emiw Hadean",3913,NA,0.892,1.16,"plain","artic; temperate; humid; superheated; tropical"
306,"Emiw Pegasusian",3913,5.22,0.73,1.93,"vine; valley; canyons; glacier; ice canyon; verdant; ice cave; lakes; cave","artificial temperate; subartic; hot; frozen; artic; tropical"
307,"Emiw Orphean",3913,1.8,1.428,1.08,"plateau","artificial temperate; windy; frigid; superheated; hot"
308,"Galaxix Demetrian",2020,6.98,0.833,2.03,"rock arche; verdant; urban","artic; tropical"
309,"Cosmosith Poseidian",1552,3.98,0.841,1.68,"ice canyon; forest; urban; cave","tropical; frozen; subartic"
310,"Toliman Nonal",4474,NA,0.704,1.64,"verdant; rocky island; plateau","subartic; temperate"
311,"Toliman Quintal",4474,7.64,1.361,1.78,"river","tropical; artificial temperate; frozen"
312,"Toliman Septimal",4474,3.14,0.825,1.56,"island; lava river; river; cave; savanna; ash","superheated; rocky; tropical; humid"
313,"Toliman Sextant",4474,0.6,0.777,0.92,"verdant; ocean","frigid"
314,"Fawaris Zeta",6546,8.19,0.542,2.47,"desert; ocean","superheated; subartic; artificial temperate; humid"
315,"Fawaris Upsilon",6546,2.24,0.926,1.34,"island; cityscape; savanna; ocean","frigid; tropical; arid"
316,"Frostfang VII",6667,4.88,1.081,1.65,"island; cityscape; jungle","arid; windy; tropical"
317,"Frostfang XVII",6667,2.6,0.952,1.4,"city; rock arche; field; glacier; plain; grassy hill","frigid; rocky; frozen; artificial temperate; windy"
318,"Frostfang I",6667,1.22,1.184,1.01,"ash","superheated"
319,"Gacrux Decimal",7838,7.2,1.627,1.64,"hill; urban; cave","artificial temperate; humid; windy; frigid; subartic"
320,"Spectral Serenity Morphean",5625,5.47,1.104,1.7,"rocky canyon; desert","frigid; artic; hot; artificial temperate"
321,"Berserkr Quintal",8808,2.03,1.34,1.15,"grassy hill; rock arche; savanna; ocean; city; grassland; vine","hot; humid; artificial temperate; superheated; frigid; rocky"
322,"Berserkr Prime",8808,2.17,1.41,1.15,"tundra","hot; rocky; artic"
323,"Lionrock XII",8784,5.96,1.442,1.6,"sea; rock arche; ocean; rainforest; rocky canyon; city","arid; artificial temperate; tropical; artic"
324,"Zenithrax Qi",3048,6.2,0.655,2.12,"ice canyon; cave; glacier; mountain; ash","subartic; superheated; frozen"
325,"Zenithrax Jiu",3048,7.46,1.035,1.93,"plateau; jungle; rainforest","frozen; superheated; hot; subartic"
326,"Zenithrax Shi",3048,2.92,0.983,1.44,"toxic cloudsea; canyons; volcano; mountain; rocky island; cityscape","artificial temperate; superheated; frozen; humid"
327,"Almach Jiu",7598,5.68,1.35,1.61,"hill; lakes; volcano; tundra; urban; acid pool","frigid; artic; arid; rocky"
328,"Almach Si",7598,5.31,0.464,NA,"river","windy; frozen; subartic"
329,"Solarionis Shi",6492,0.36,0.796,0.77,"mountain; valley; ocean; jungle; volcano; river; cityscape","tropical; arid; artic; frigid; subartic"
330,"Solarionis Si",6492,2.65,0.998,1.38,"mountain; ocean; grassy hill; hill; urban; acid pool","hot; superheated; tropical; temperate; rocky; humid"
331,"Solarionis Er",6492,7.51,0.953,1.99,"cave; plateau","artificial temperate; arid"
332,"Rimeblade Psi",9327,2.78,0.784,1.52,"field; grassy hill","frozen; rocky; windy; artic; artificial temperate"
333,"Rimeblade Sigma",9327,1.24,1.455,0.95,"scrubland; rock arche; ice canyon; lava river; mountain; island; swamp; plain","subartic; arid; artificial temperate; hot; humid"
334,"Asellus Australis Jiu",9740,6.1,0.894,1.9,"ice canyon; bog","rocky; subartic; temperate; artic"
335,"Asellus Australis Qi",9740,1.96,0.685,1.42,"bog; grassy hill; savanna; glacier","frigid; hot; windy; frozen; subartic; tropical; artificial temperate"
336,"Asellus Australis Er",9740,1.72,1.234,1.12,"ice canyon; jungle; fungus forest","tropical; frigid"
337,"Kasumi Whisper Echoian",4320,6.91,0.901,NA,"cityscape; sea","arid; tropical"
338,"Kasumi Whisper Typhonian",4320,5.63,1.175,1.69,"vine; grassland; volcano; scrubland; jungle; savanna","temperate; artificial temperate; humid; subartic; arid; frozen; rocky"
339,"Kasumi Whisper Apollox",4320,0.42,1.204,0.7,"reef; urban","humid"
340,"Kasumi Whisper Hadean",4320,1.56,0.649,NA,"acid pool; cliff; grassy hill; valley","tropical; subartic; humid; frigid; artificial temperate; artic"
341,"Cosmic Shadows Decimal",2408,NA,0.843,2.05,"urban","artificial temperate; arid; artic; superheated; windy"
342,"Flegetonte Titanos",9777,3.67,0.766,1.69,"rocky canyon; rocky desert; cityscape; rainforest; rock arche; bog; acid pool","artic; artificial temperate; rocky; superheated; subartic; tropical"
343,"Brimwarden Gaian",3509,1.84,1.188,1.16,"plateau; verdant; ice cave; volcano; lakes","superheated; humid; subartic; windy; frozen; hot"
344,"Brimwarden Faunios",3509,3.8,1.103,1.51,"desert; rocky desert; scrubland; urban","artic; subartic; frozen; arid"
345,"Brimwarden Nereidos",3509,7.87,0.999,1.99,"reef","frigid"
346,"Brimwarden Artemian",3509,3.91,0.791,1.7,"rocky island; field; plain","artificial temperate; subartic"
347,"Atik Qi",1251,NA,1.181,1.23,"rock arche","temperate; rocky; frigid; subartic"
348,"Hassaleh Xi",1045,2.84,0.533,1.75,"ice canyon; jungle; grassland; rainforest","artic; tropical; humid; arid"
349,"Ebon Cosmos Nu",6048,4.58,0.698,1.87,"toxic cloudsea; savanna; ice canyon; cave","subartic; artic; rocky"
350,"Ebon Cosmos Chi",6048,0.6,1.166,0.8,"island; reef; field","superheated; temperate; subartic; artic"
351,"Ebon Cosmos Epsilon",6048,0.73,1.297,0.83,"island; ice canyon; rock arche","subartic; frigid; artic"
352,"Ebon Cosmos Pi",6048,5.37,1.23,1.63,"river; verdant","arid; subartic; superheated"
353,"Kaus Media Titanos",1211,0.43,0.959,0.77,"sinkholes","temperate; superheated"
354,"Aurum Obscura Gaian",5807,4.32,0.923,1.67,"river; rocky island; hill; mountain","humid; frigid; superheated; subartic; rocky"
355,"Aurum Obscura Tritonian",5807,1.6,1.066,1.15,"canyons; vine; island","frigid; temperate"
356,"Aurum Obscura Harpian",5807,1.38,0.766,1.22,"island; glacier; rock arche","subartic; rocky; temperate; humid"
357,"Nova Veil Delta",7230,8.45,0.886,2.12,"lakes","artificial temperate"
358,"Algieba Athenian",2719,4.73,1.25,1.56,"jungle; plain; fungus forest","tropical; subartic; hot"
359,"Arkab Posterior VI",4242,1.06,1.196,0.96,"lakes; tundra; cliff; acid pool; cityscape","superheated; rocky; humid"
360,"Arkab Posterior VII",4242,0.89,0.792,1.04,"canyons; vine; jungle; acid pool; cliff; plateau","rocky; temperate; subartic; superheated"
361,"Bosona Nu",4217,5.06,1.213,1.61,"tundra; grassy hill; field; sinkholes; valley; cave; ocean","temperate; arid; subartic; humid; hot"
362,"Bosona Tau",4217,0.62,0.896,0.88,"plateau; ash; fungus forest","subartic; hot"
363,"Bosona Sigma",4217,5.21,0.544,2.12,"valley; cave; desert; plateau; plain","arid; superheated; artic"
364,"Bosona Theta",4217,1.07,0.753,1.12,"glacier; jungle","hot; artificial temperate; artic; frozen; superheated"
365,"Vortexion V",8069,2.67,0.814,1.49,"lakes; savanna; cityscape; ocean; rock arche","subartic; windy; humid; tropical"
366,"Vortexion III",8069,2.78,1.118,1.35,"mountain; sea; ice canyon","hot; frigid; frozen; windy; humid; artic"
367,"Vortexion XXIV",8069,7.38,0.762,2.13,"forest; field; acid pool","artic; humid; tropical; artificial temperate; frigid"
368,"Vortexion XIII",8069,2.72,1.347,1.26,"river","windy; humid; hot; arid; subartic"
369,"Alula Australis XVII",5691,2.58,1.106,1.33,"sea","artificial temperate; subartic; superheated; artic; frozen"
370,"Kornephoros Eosian",5504,5.2,0.921,1.78,"tundra; bog; rainforest","temperate; humid; artic; superheated"
371,"Mjoltr Atlasios",1356,7.23,0.949,1.97,"ocean","frozen; subartic; windy; tropical"
372,"Sadalmelik Chimeraean",1031,4.47,1.143,1.58,"sea; desert; urban; savanna; rocky canyon; valley","frigid; windy; superheated; subartic; tropical; frozen"
373,"Arneb Nu",6213,2.02,1.407,1.13,"rocky canyon; island; urban","artic; temperate; windy; subartic; frozen; tropical; arid"
374,"Suhail Octal",4697,4.27,1.017,1.61,"ocean","artificial temperate"
375,"Ebon Crypt XV",7937,2.43,1.177,1.27,"valley; ocean; sea","windy; tropical; artificial temperate; rocky"
376,"Ebon Crypt XXII",7937,2.19,1.242,1.21,"mountain; plateau; rocky desert","windy; frozen; subartic"
377,"Ebon Crypt XX",7937,8.36,1.087,1.97,"","windy"
378,"Alderamin XIX",4868,8.48,1.068,1.99,"glacier; ocean","frigid"
379,"Alderamin XII",4868,2.19,0.811,1.39,"mountain; hill; toxic cloudsea","artic; frozen"
380,"Quantum Radiance XXII",5091,2.14,1.084,NA,"rock arche; urban; savanna","windy; subartic; rocky"
381,"Quantum Radiance II",5091,0.92,1.284,0.89,"valley; canyons; reef; ocean; rocky canyon; cityscape","hot; windy; arid; frigid; rocky"
382,"Galaxy Prism Astraeos",7429,5.14,0.843,1.83,"urban","temperate"
383,"Nebulion I",8611,1.86,1.204,1.16,"valley; savanna; desert","frozen; arid; artic; hot"
384,"Nebulion VIII",8611,3.11,1.321,1.33,"fungus forest; plain; cliff; island; mountain","frigid; tropical; windy; temperate"
385,"Nebulion X",8611,0.95,1.041,0.97,"mountain","windy; subartic"
386,"Nebulion XVIII",8611,7.9,1.041,1.96,"volcano; sea; toxic cloudsea; glacier; mountain","frigid; frozen; subartic; superheated"
387,"Arkab Prior Upsilon",8117,4.56,0.806,1.78,"vine; glacier; sea","frigid; frozen; hot; subartic; rocky"
388,"Arkab Prior Xi",8117,8.7,1.057,NA,"desert; canyons; sinkholes; valley","frigid; superheated; artic"
389,"Arkab Prior Mu",8117,2.99,0.75,1.59,"canyons","temperate; arid; artic; subartic; artificial temperate"
390,"Yugen Wu",4589,7.85,1.197,1.87,"volcano; barren; urban; sea","hot; temperate; arid; windy"
391,"Yugen Jiu",4589,2.41,0.882,1.4,"cave; sea; swamp; rock arche; fungus forest; cliff; valley; hill; ice cave","tropical; temperate; arid; humid; rocky; subartic; artificial temperate"
392,"Yugen Si",4589,3.49,0.549,1.85,"sinkholes; plateau; barren; volcano","frigid; windy; arid; superheated; rocky"
393,"Yugen Yi",4589,2.44,1.026,1.33,"lava river","hot"
394,"Misam Quartal",5168,4.35,0.381,2.25,"urban; plain","frigid"
395,"Misam Undecimal",5168,6.25,0.942,1.88,"lakes","subartic; windy; hot; temperate; arid; humid"
396,"Misam Duodecimal",5168,3.77,1.106,1.5,"mountain","rocky"
397,"Tonatiuh Shi",4518,1.93,1.059,1.22,"cave; mountain; field; glacier; savanna","tropical; windy; frozen; subartic; superheated"
398,"Yugure Radiance Nu",4730,0.46,1.458,0.68,"grassland; rock arche; urban; plateau; acid pool; grassy hill; swamp","rocky; frigid; humid; frozen; artic"
399,"Yugure Radiance Pi",4730,2.66,1.216,1.3,"mountain; jungle","rocky; windy; tropical"
400,"Cryptic Mirage XII",8158,1.11,1.019,1.03,"city; tundra; canyons; plain; lakes; rocky desert","subartic; windy; humid; temperate; frozen"
401,"Tesserara XII",6922,0.41,0.957,0.75,"plain; mountain; sinkholes; ocean; rainforest","artic; windy; superheated; hot"
402,"Botein Iota",2895,6.18,0.682,2.08,"plain; ice cave","frozen"
403,"Botein Epsilon",2895,3.04,0.892,1.5,"glacier","artificial temperate; artic; rocky"
404,"Sakura's Silence Persephonian",4295,1.63,0.908,1.22,"savanna; rocky canyon; rock arche","rocky; artificial temperate; windy; temperate; tropical"
405,"Zephyrianix Aphroditos",4256,6.23,1.652,1.56,"savanna","tropical; superheated; windy; arid"
406,"Zephyrianix Herculean",4256,2.15,1.094,1.25,"jungle; urban","windy; tropical"
407,"Zephyrianix Pegasusian",4256,2.2,0.846,1.38,"urban","superheated; artificial temperate; hot"
408,"Cosmosol I",8333,0.78,0.734,1.02,"lava river; cave; cityscape; urban; hill","tropical; windy; hot; artic; rocky; frigid; arid"
409,"Celestial Echo II",5690,7.95,0.561,2.42,"sinkholes; rock arche; glacier; reef","subartic; temperate; humid; tropical; rocky; artificial temperate; superheated"
410,"Celestial Echo X",5690,6.6,0.496,2.37,"tundra; river; reef; grassland; cliff; bog; cityscape","temperate; hot; artic; superheated; humid; arid; frigid"
411,"Lysian Nexus Upsilon",3506,6.48,0.751,2.05,"grassy hill; rock arche","artificial temperate; hot"
412,"Alpheratz Hadean",6567,1.31,1.121,NA,"jungle; tundra; rock arche; valley; plateau; city","tropical; rocky; frozen; temperate; artificial temperate; hot; windy"
413,"Alpheratz Herculean",6567,0.91,1.132,0.93,"island; volcano","frozen; artificial temperate; temperate; rocky; windy; arid"
414,"Stellarastrum XXII",4245,6.87,0.591,2.26,"bog","tropical"
415,"Stellarastrum X",9285,4.99,1.43,1.52,"toxic cloudsea; rocky canyon; ice cave; reef","temperate; artificial temperate; frozen"
416,"Stellarastrum XXI",9285,4.95,0.844,NA,"urban; rocky canyon; ice canyon","frigid; subartic; arid; windy"
417,"Stellarastrum XII",9285,0.72,0.771,0.98,"city; canyons","artificial temperate; superheated"
418,"Horus' Ascendance IX",5726,1.99,1.184,1.19,"river; glacier; hill; field; acid pool; swamp","humid; frozen; temperate; subartic"
419,"Horus' Ascendance XIV",5726,1.77,1.088,1.18,"barren; jungle; acid pool","superheated; arid; tropical; subartic; rocky; artic; temperate"
420,"Horus' Ascendance II",5726,0.44,1.113,NA,"urban; glacier","subartic"
421,"Miaplacidus Eta",8898,0.97,1.379,0.89,"lakes; reef; rock arche; sea; rocky desert","subartic; frigid; artic"
422,"Miaplacidus Tau",8898,7.73,0.89,NA,"grassy hill; rocky island; bog; lava river; scrubland; desert; sea","temperate; artificial temperate; frozen; arid; rocky; humid"
423,"Orion's Gaze Decimal",506,3.95,0.904,1.64,"sea; island; rocky island; forest; cityscape","frozen; artic; windy; superheated; frigid; temperate; tropical"
424,"Infinity Iris Eta",4809,5.49,1.368,1.59,"grassland; rocky canyon; fungus forest","temperate; humid"
425,"Infinity Iris Kappa",4809,6.88,0.953,1.93,"rocky canyon; grassy hill; grassland; jungle","hot; rocky; temperate; superheated; artic"
426,"Infinity Iris Omega",4809,1.66,0.751,1.3,"fungus forest; plain; grassland; plateau","windy; subartic; humid; frozen; rocky; frigid"
427,"Infinity Iris Xi",4809,4.3,0.815,1.74,"grassland; rocky island; ocean; vine; lakes","frigid; subartic; humid; windy"
428,"Naledi Aetherios",9717,6.78,1.048,1.86,"plateau; rocky desert; savanna; urban; canyons; ice cave","artic; frozen; superheated; subartic"
429,"Naledi Gaios",9717,1.61,0.92,1.21,"rocky desert; rocky island; island; forest; mountain","artic; windy; artificial temperate; humid"
430,"Naledi Pantheon",9717,7.04,0.903,1.98,"rocky island; ice cave; urban; verdant; cave; reef","superheated; humid; frozen; arid; rocky; frigid"
431,"Regulus Pegasusian",9711,5.1,0.935,1.76,"canyons; lava river; ice canyon","superheated; subartic; artic; temperate; frozen"
432,"Regulus Museios",9711,1.21,0.803,1.15,"hill","artificial temperate; windy; arid"
433,"Regulus Irisian",9711,8.27,0.533,2.49,"ice canyon","frigid; artic; tropical"
434,"Kamikaze Ascendance Artemian",3586,0.74,1.333,0.82,"forest; grassland; ice canyon","artificial temperate; windy; temperate; artic"
435,"Kamikaze Ascendance Poseidian",3586,NA,1.562,1.07,"river; city","hot; superheated; tropical; rocky"
436,"Torcular VIII",4204,1.09,1.401,0.92,"mountain","superheated"
437,"Torcular III",4204,7.21,0.801,2.08,"barren","arid; rocky"
438,"Aniara Museios",4444,3.65,1.036,1.52,"rocky canyon; urban; cave; mountain; city; jungle; plain; grassy hill; lakes","temperate; artificial temperate; arid; rocky; frozen; humid; frigid"
439,"Pulsar Radiance Artemian",9487,1.91,0.643,1.44,"rocky desert; hill","arid; tropical; temperate"
440,"Pulsar Radiance Museios",9487,NA,0.727,1.83,"island; plateau; hill; cityscape","arid; artic; temperate"
441,"Pulsar Radiance Herculean",9487,1.34,0.485,1.4,"island; mountain; reef","rocky; temperate"
442,"Setsuna Demetrian",276,6.43,0.746,2.05,"lava river; urban; jungle; field; savanna","arid; tropical; superheated; temperate; rocky"
443,"Baten Kaitos Pegasusian",8528,1.82,0.872,1.28,"rocky desert; cliff; acid pool; field; forest; ice cave; mountain","artificial temperate; arid; frozen; frigid; artic; humid"
444,"Baten Kaitos Astraeos",8528,2.72,0.739,1.54,"forest; lava river; field","frozen; temperate; hot"
445,"Solaris Cascade Eosian",2212,NA,0.632,1.26,"cave","windy; frozen; frigid"
446,"Dombay II",7676,4.68,0.852,NA,"verdant; desert","tropical; subartic; arid"
447,"Dombay XXIII",7676,0.68,0.755,0.97,"fungus forest; acid pool; city; valley; jungle","rocky; superheated; artificial temperate; hot"
448,"Dombay III",7676,4.47,1.016,1.64,"jungle; vine; rainforest","artificial temperate; humid; windy"
449,"Dombay XXII",7676,7.78,0.891,2.06,"toxic cloudsea; mountain; verdant","tropical; frozen"
450,"Dziban Jiu",3522,6.28,1.288,1.7,"rocky desert; grassy hill","artic; frozen; subartic; humid; temperate"
451,"Dziban Ba",3522,5.17,0.72,1.93,"valley","superheated; subartic; arid; artificial temperate; humid"
452,"Malmok Demetrian",5002,3.89,0.787,1.7,"forest; fungus forest; tundra","rocky; hot; arid; subartic; artic; superheated"
453,"Malmok Persephonian",5002,1.4,1.056,1.1,"city; savanna; cliff","frigid; tropical; rocky; temperate"
454,"Nebulium Ba",2737,5.34,1.041,1.72,"urban; rainforest","artificial temperate; rocky; subartic; frigid; superheated"
455,"Nebulium Wu",2737,2.12,0.936,1.31,"verdant","arid; rocky"
456,"Nebulium Shi",2737,3.6,1.141,1.47,"canyons; island; ocean; verdant; plateau","tropical; rocky; superheated; temperate"
457,"Nebulium Liu",2737,3.57,1.022,1.52,"tundra; forest; rainforest; jungle; cave; ice cave","tropical; frozen; arid; artic"
458,"Inari's Cascade Psychean",9768,1.98,0.674,NA,"barren; desert; rocky canyon; savanna; valley; plain","rocky; superheated; arid; frozen"
459,"Oborozuki Quintal",4292,5.9,1.26,1.67,"reef; ocean; cave; forest; ice canyon; fungus forest","rocky; frigid; tropical; arid; artic; subartic; windy"
460,"Oborozuki Duodecimal",4292,4.56,1.046,1.63,"valley; rainforest; fungus forest","artificial temperate; temperate; frozen; humid; windy; rocky"
461,"Rukbat Quintal",177,2.92,1.229,1.33,"reef","arid; temperate; hot; windy; humid"
462,"Rukbat Octal",177,1.11,0.972,1.05,"ocean; city; lakes","arid; temperate; artificial temperate; artic"
463,"Rukbat Undecimal",177,7.36,0.953,1.98,"plateau; valley","artic; humid; windy; frozen; rocky"
464,"Sakuya Nebula Lambda",1966,5.7,1.013,1.78,"hill; verdant; island; jungle; plain; desert; scrubland; reef; cave","hot; humid; arid; artificial temperate; frigid; artic"
465,"Aetherial Mirage Chi",7497,2,1.298,1.15,"barren; city; swamp","hot; frozen; arid; tropical"
466,"Aetherial Mirage Alpha",7497,2.78,1.126,1.35,"ice canyon; hill; bog; plain; acid pool; lava river","tropical; frozen; rocky; arid"
467,"Aetherial Mirage Gamma",7497,0.56,0.852,0.87,"fungus forest; rocky canyon","subartic; hot; artificial temperate"
468,"Celestara Tau",6092,5.1,0.518,2.14,"lakes; ice canyon; barren","arid; subartic"
469,"Alcyone VI",2173,3.66,1.236,1.44,"ice canyon; plain; tundra; cliff; cave; lakes; grassland; plateau","arid; temperate; frozen; frigid; rocky; subartic; hot"
470,"Skat Hadean",3056,1.73,1.178,1.14,"sea","rocky; frigid; arid"
471,"Skat Aetherios",3056,6.66,0.968,1.9,"grassland","tropical; temperate; frozen"
472,"Eternal Murmurs Si",6345,4.94,1.403,1.52,"river; hill","arid; artic"
473,"Eternal Murmurs Ba",6345,0.5,0.786,0.86,"canyons; scrubland","arid; subartic; superheated"
474,"Eternal Murmurs Shi",6345,1.88,1.052,1.21,"river; rocky canyon; forest; city","frigid; hot; temperate"
475,"Alcor Omega",35,7.99,0.501,2.52,"fungus forest; valley; forest","humid; temperate; superheated"
476,"Alcor Omicron",35,6.38,1.199,1.75,"valley; ocean","subartic; arid; tropical; superheated; artificial temperate"
477,"Alcor Sigma",35,1.83,0.675,1.39,"vine; bog; cave","temperate; tropical; rocky; arid"
478,"Alcor Epsilon",35,2.51,1.124,1.31,"cityscape; sea; lakes; desert; island","temperate; rocky; hot; windy"
479,"Astrylis Sextant",9587,2.4,0.986,1.35,"urban; cave; river; acid pool","hot; temperate; frigid; humid; windy; subartic"
480,"Porrima Decimal",1226,2.84,0.988,1.42,"verdant; field; rock arche; ocean; sea; toxic cloudsea; rocky desert","artic; frigid; artificial temperate; windy; hot; frozen"
481,"Porrima Septimal",1226,1.34,0.964,1.12,"grassy hill; lava river; desert; ice cave; cliff; lakes; rocky desert; volcano","hot; frigid; temperate; subartic; windy; artic"
482,"Salm XXI",1191,NA,1.062,1.62,"island; lava river","hot; tropical; subartic; rocky; windy"
483,"Muscida Vigesimal",8939,9.39,1.314,1.93,"reef; canyons; acid pool","temperate; rocky"
484,"Muscida Nonal",8939,6.27,0.648,2.13,"plain; glacier","frigid; artificial temperate; hot; tropical; windy; rocky"
485,"Muscida Undecimal",8939,8.34,0.548,2.48,"rocky desert; cave; lava river; mountain; field","artic; hot; windy; subartic"
486,"Sylvari Si",2639,2.31,1.076,1.29,"plain","arid; superheated"
487,"Sylvari Yi",2639,0.49,1.187,0.74,"toxic cloudsea; bog; ice canyon; grassland; tundra","frozen; rocky; humid; hot; windy; artic"
488,"Komorebi Cascade Liu",3201,5.82,0.833,1.91,"rocky island; grassy hill; hill; swamp; rocky canyon","frigid; artificial temperate; humid; tropical"
489,"Komorebi Cascade Jiu",3201,2.24,1.268,1.21,"hill; cityscape","windy; tropical"
490,"Komorebi Cascade Wu",3201,6.63,0.828,2,"plain","superheated; hot"
491,"Luminous Wraith Alpha",9948,2.88,0.827,1.52,"valley; river","frozen; artic; rocky"
492,"Luminous Wraith Pi",9948,1.18,1.048,1.04,"rainforest; fungus forest","artic; frozen; tropical; windy"
493,"Galaxaraith Vigesimal",4677,5.58,1.134,1.7,"lakes; rocky desert; fungus forest","tropical; artic; frigid; windy; superheated"
494,"Radiantara Qi",545,9.02,0.904,2.15,"tundra; lava river; volcano","hot; tropical; artificial temperate; temperate; artic"
495,"Ra's Whisper Shi",7149,2.71,1.077,1.36,"ash; vine","artic; hot; windy"
496,"Ra's Whisper Qi",7149,4.05,1.075,1.56,"ash; ocean; field","subartic; hot; temperate; arid"
497,"Alterf Ba",3688,2.05,1.306,1.16,"island; glacier; cliff","arid; tropical; windy; temperate; subartic"
498,"Alterf Wu",3688,2.01,0.952,1.28,"tundra","temperate; subartic"
499,"Hamal Secant",4368,5.61,0.631,2.07,"grassy hill","hot; humid"
500,"Hamal Quartal",4368,5.03,1.159,1.63,"rock arche","temperate; frozen; humid; tropical"
501,"Hamal Undecimal",4368,0.91,0.918,1,"fungus forest; glacier; toxic cloudsea; plain; jungle","frozen; tropical; rocky; humid"
502,"Celaeno Lambda",9338,1.5,0.865,1.2,"jungle","tropical; frozen"
503,"Koeia Qi",8321,6.41,1.059,1.82,"volcano; ocean; savanna; desert","humid; frozen; hot; frigid"
504,"Koeia Jiu",9793,0.75,0.963,0.92,"barren","arid; subartic"
505,"Phantasmal Echo VIII",4768,5.74,0.915,1.84,"reef; swamp; rocky island; jungle","artificial temperate; arid; frigid; tropical; windy; artic"
506,"Horus' Resonance Liu",5821,5.91,0.603,NA,"rocky desert; volcano; jungle; canyons; sinkholes","artificial temperate; artic; hot; temperate"
507,"Horus' Resonance Yi",5821,0.69,0.871,0.93,"valley; rock arche; ocean","arid; frigid; rocky"
508,"Brimstone Shi",583,2.74,0.532,1.73,"toxic cloudsea; ocean; valley; vine; rocky island","frigid; temperate; frozen"
509,"Brimstone Si",583,3.66,0.844,1.63,"fungus forest; sea; rocky canyon","tropical; arid; rocky"
510,"Brimstone Jiu",583,4.49,0.99,1.66,"hill","humid; subartic; hot; windy; tropical"
511,"Brimstone Ba",583,1.49,0.971,1.15,"field","rocky; windy; subartic; artic; hot"
512,"Fang Nonal",4265,0.95,1.035,0.97,"plain; urban; cave","rocky; frozen; humid"
513,"Fang Secant",4265,0.92,0.996,0.97,"plateau; jungle","superheated"
514,"Vorpal Abyss Pi",3155,6.34,1.206,1.74,"ocean; ice cave; island; jungle; river; cave; grassy hill","arid; humid; temperate; tropical; artic"
515,"Vorpal Abyss Nu",3155,0.58,0.982,0.84,"rainforest","artic; tropical"
516,"Vorpal Abyss Rho",3155,4.89,0.928,1.74,"forest; rainforest; verdant","hot; humid; frozen; rocky; frigid"
517,"Vorpal Abyss Epsilon",3155,5.81,0.837,1.91,"cityscape; field; fungus forest; rocky island; rocky canyon","humid; arid; windy; superheated; tropical; artificial temperate"
518,"Alzirr Rho",1212,2.15,1.172,1.22,"cityscape; rock arche; city; reef; island","windy; superheated; artificial temperate; humid"
519,"Helionara II",5116,5.58,1.423,1.58,"jungle; canyons","superheated; rocky; hot; arid"
520,"Helionara XX",5116,1.62,0.992,1.18,"forest","arid; artic; rocky; frigid; tropical"
521,"Kamikaze Resonance Qi",7419,0.35,0.845,0.75,"cave; acid pool; volcano","tropical; windy; superheated; artificial temperate; rocky"
522,"Secunda Hyadum Quintal",8699,NA,0.977,1.58,"field; lava river","subartic; humid; arid; tropical"
523,"Zavijava Iota",7060,2.19,1.086,1.26,"mountain; acid pool; swamp; vine; rock arche; fungus forest","frozen; temperate; humid; artificial temperate"
524,"Ginan V",3926,2.53,0.883,1.42,"sinkholes","hot"
525,"Ginan XXII",3926,0.54,1.345,0.74,"sea; river; hill","humid; subartic; windy"
526,"Ginan XXIII",3926,6.76,0.618,2.22,"cityscape; rock arche; lakes","tropical; arid; rocky"
527,"Pyramid Radiance Mu",7983,8.45,1.141,1.95,"rocky desert; swamp; ocean; grassy hill","frozen; artificial temperate; artic; arid; humid"
528,"Pyramid Radiance Xi",7983,0.46,0.825,0.82,"cityscape; grassy hill; ice cave; jungle; reef","rocky; frozen; hot; superheated; subartic; humid"
529,"Haedus Olympios",2662,6.4,0.816,1.99,"ash; lakes; barren; volcano","frozen; tropical; hot; arid"
530,"Athebyne Eta",9344,8.38,0.759,2.23,"tundra; fungus forest; verdant; island","frozen; hot; temperate; superheated; artic"
531,"Athebyne Pi",9344,4.65,1.241,1.55,"rocky desert","artificial temperate; arid; superheated"
532,"Spectral Threshold Nonal",5144,3.44,1.097,1.46,"hill; valley; lava river","frigid; hot"
533,"Denebola XXIII",2489,2.03,0.948,1.29,"bog; scrubland; ash; barren; plain; rock arche","hot; tropical; arid; humid"
534,"Denebola XV",2489,9.17,0.9,2.17,"ice canyon; plateau; lakes; glacier; scrubland","temperate; frigid; rocky; arid; tropical"
535,"Denebola IV",2489,7.46,1.408,1.74,"hill; rocky desert","frozen"
536,"Denebola XVIII",2489,3.13,0.923,1.5,"mountain; ocean; island; verdant","superheated; artificial temperate; hot"
537,"Franz IV",9476,5.86,1.098,1.75,"city; volcano; jungle","superheated; windy; frozen"
538,"Franz XV",9476,6.11,1.279,1.68,"valley; mountain; river","artic; subartic; superheated"
539,"Pipirima Prime",7604,1.24,0.944,1.1,"valley; river; rainforest","arid; frozen; tropical"
540,"Pipirima Vigesimal",7604,0.46,1.142,0.74,"reef; sea; lava river","hot; artificial temperate; rocky"
541,"Pipirima Secant",7604,2.43,0.546,1.64,"grassy hill; ash; river; rocky island; swamp; grassland; field; jungle","temperate; rocky; hot; frigid; tropical"
542,"Amadioha Hermesios",4185,3.14,1.035,1.45,"mountain","artic; subartic"
543,"Abyssal Echoes Iota",4580,1.77,0.953,1.23,"forest; field; lakes; swamp; tundra; volcano; ocean; hill","frozen; arid; frigid; humid; tropical; hot"
544,"Abyssal Echoes Psi",4580,6.2,0.859,1.93,"cityscape; lakes; hill; plain","artificial temperate; frozen; artic"
545,"Abyssal Echoes Chi",4580,1.21,0.975,1.07,"city; lakes","frozen; arid; rocky; artic"
546,"Abyssal Echoes Mu",4580,2.12,0.877,1.34,"vine","humid; superheated; arid"
547,"Skybreaker Hadean",9279,5.59,0.71,1.99,"cityscape; vine; canyons","hot; windy; tropical"
548,"Stormweaver Apollox",1336,4.98,1.39,1.53,"verdant; hill; jungle; sea","frigid; superheated; tropical; subartic"
549,"Lunar Mirage Gamma",2903,4.04,0.931,1.63,"urban","humid"
550,"Lurking Cosmos Septimal",3535,7.98,0.602,2.37,"fungus forest; savanna; river; urban","rocky; humid; arid; tropical"
551,"Nenque Sigma",473,1.83,1.245,1.14,"valley; city; plateau; glacier; ice canyon","frigid; subartic; frozen"
552,"Nenque Pi",473,NA,1.112,1.8,"swamp; rock arche; hill; island; fungus forest; savanna","humid; hot; temperate; windy; rocky"
553,"Homam Octal",3135,4.87,0.816,1.81,"plain","superheated; hot"
554,"Astromara XIX",3034,2.29,1.122,1.27,"cityscape; ice cave; hill","subartic; frozen; temperate"
555,"Sakura Seraph Nemesisian",5321,1.85,0.809,1.32,"sea; rocky island; urban","temperate; artificial temperate; tropical"
556,"Sora Dionysios",7449,3.57,0.848,1.61,"ice cave","frigid; subartic; temperate"
557,"Tarazed Centaurios",4734,8.36,0.722,2.26,"desert; glacier","artificial temperate; frigid; superheated; windy"
558,"Zubeneschamali Aetherios",5796,5.32,1.209,1.64,"ice canyon; bog; cave; toxic cloudsea","rocky; frozen; subartic; windy; tropical; artificial temperate"
559,"Zubeneschamali Olympios",5796,0.6,0.874,0.88,"cliff","windy; artificial temperate; arid"
560,"Zubeneschamali Sirenios",5796,4.78,1.062,1.65,"island; vine; rocky canyon; rocky desert; plateau; mountain","rocky; frozen; artic; temperate"
561,"Zubeneschamali Tritonian",5796,8.67,1.117,1.98,"glacier; rocky desert","windy; frozen"
562,"Alsciaukat Nonal",4435,0.42,0.927,0.77,"rock arche; rocky canyon; rocky desert; ash; hill; swamp","subartic; humid; tropical; hot"
563,"Alsciaukat Sextant",4435,4.69,1.463,1.47,"volcano; mountain; cave; ocean","frigid; frozen; superheated"
564,"Orionara Jiu",4576,4.9,1.325,1.55,"volcano; cave; island; lava river; ice cave; fungus forest; rocky canyon","hot; frozen; humid; windy; superheated; tropical"
565,"Orionara Yi",4576,6.98,0.625,2.23,"plateau; tundra","subartic"
566,"Orionara Ba",4576,4.05,0.986,1.6,"field","temperate; superheated"
567,"Orionara Si",4576,4.09,1.007,1.6,"ice cave; cityscape; tundra; ash; bog","tropical; rocky; windy; frigid; superheated"
568,"Aetherionyx XXI",3838,7.11,0.681,2.19,"rocky island","temperate"
569,"Aetherionyx XIX",3838,3.78,1.095,1.51,"ice cave; cityscape","artic; subartic; temperate; artificial temperate"
570,"Umbral Depths Mu",7874,8.77,1.088,2,"field; fungus forest; glacier; jungle","frozen; frigid; hot; artic"
571,"Obelisk Whisper XV",1808,2.85,0.94,1.45,"river; tundra","superheated; rocky"
572,"Cryptic Nebula Pegasusian",5528,1.77,0.499,1.53,"plain; cityscape","frigid; subartic; superheated; windy"
573,"Errai Nu",2952,4.31,0.59,1.94,"vine; verdant; canyons","windy; humid; temperate"
574,"Haruka Echoes Nyxios",6863,3.2,0.571,1.78,"lakes","artic; artificial temperate; frigid; rocky"
575,"Haruka Echoes Hermesios",6863,1.01,1.032,0.99,"valley; reef; fungus forest; rock arche","frigid; hot; superheated; rocky; frozen; humid"
576,"Násti Nonal",8986,3.76,0.984,1.56,"island; desert; cave","frigid; arid; temperate; windy; subartic"
577,"Násti Septimal",8986,0.94,0.516,1.22,"glacier; city; river","artic; frozen; arid; rocky"
578,"Tsuki's Beacon Beta",1898,4.72,1.086,1.63,"jungle; rocky desert","humid"
579,"Bélénos Psychean",9186,6.92,0.96,1.93,"ice canyon; reef; sea; mountain; field","hot; subartic; frozen"
580,"Starlight Shroud Nonal",172,8.18,1,2.01,"glacier; plain; savanna","arid; hot; tropical; frozen; humid; artic; rocky"
581,"Starlight Shroud Prime",172,1.83,1.073,1.19,"city","humid; rocky; tropical; artificial temperate"
582,"Shinju XXIV",5621,2.63,1.057,1.36,"city; ocean; rocky canyon; rocky island","rocky; artificial temperate; frozen; arid"
583,"Orion's Haven XV",3802,3.11,1.002,1.46,"barren; rocky canyon; island; volcano; mountain; lava river; vine; plateau","subartic; artic; frigid; frozen; arid"
584,"Orion's Haven XXIII",3802,1.23,0.756,1.18,"fungus forest","hot; artic; tropical; humid"
585,"Nebulithra Tritonian",355,1.64,1.386,1.06,"valley; cliff","frozen; humid"
586,"Ancha Hermian",5209,0.54,0.935,0.83,"forest; savanna; plain","superheated; artic; rocky; arid"
587,"Ancha Apollox",5209,3.64,1.413,1.37,"rocky canyon","windy; temperate"
588,"Bubup Qi",7196,2.26,1.096,1.27,"rocky desert; volcano","frigid; superheated; windy; arid"
589,"Bubup Wu",7196,1.62,1.042,1.16,"vine; plain; desert; rainforest; urban; field; sinkholes","hot; subartic; humid; windy; arid; artificial temperate"
590,"Bubup Jiu",7196,2.52,0.775,1.48,"sinkholes; tundra; glacier; island; ice canyon","hot; frigid; arid; subartic; artificial temperate"
591,"Muspelheim Athenian",4509,1.38,0.833,1.18,"jungle; ash; grassland; lakes; jungle","artic; windy; superheated; arid; temperate; hot"
592,"Shogun's Resonance Alpha",6300,2.1,0.579,1.54,"river; cliff; cityscape","artic; frozen"
593,"Shogun's Resonance Omicron",6300,0.6,1.119,0.81,"grassland; fungus forest","windy; superheated; humid"
594,"Shogun's Resonance Mu",6300,NA,0.99,1.71,"field","artificial temperate"
595,"Shogun's Resonance Eta",6300,0.65,0.607,1.02,"cityscape; lava river","artificial temperate; frozen; windy; superheated; artic; hot"
596,"Menkar Oranos",7158,6.88,1.293,1.75,"cave; cliff; verdant","arid; hot"
597,"Crimson Enigma Nonal",705,5.78,0.608,2.12,"fungus forest; city; rainforest; urban","tropical; frozen; frigid"
598,"Crimson Enigma Undecimal",705,2.16,0.84,1.37,"reef; forest; verdant; ocean; acid pool; desert","rocky; subartic; frigid; artificial temperate"
599,"Crimson Enigma Secant",705,7.22,1.311,1.77,"rocky desert","frozen; rocky; windy; humid"
600,"Nemea Residue XXII",5040,9.03,1.076,2.03,"vine; acid pool","arid; hot"
601,"Nemea Residue XXIV",5040,1.07,1.581,0.88,"acid pool","superheated; temperate"
602,"Sabik XXII",2377,8.75,1.242,1.92,"forest","hot; temperate; frigid"
603,"Irena Theta",1676,1.32,1.294,1.01,"ash; plain; vine","frozen; hot; rocky; frigid; artic; subartic"
604,"Morava Pantheon",2538,2.22,1.138,1.25,"forest","artic; temperate; frigid; tropical; rocky"
605,"Uchū Hestian",7924,2.15,1.207,1.21,"jungle","humid; subartic; temperate; artic"
606,"Pharaoh's Veil Astraeos",7146,5.51,0.975,1.78,"jungle; cave","superheated; subartic; tropical"
607,"Pharaoh's Veil Olympios",7146,8.15,0.901,2.08,"hill","artificial temperate; frozen; temperate"
608,"Alula Borealis Alpha",6237,NA,0.664,2.11,"rocky desert; acid pool; swamp","humid; artificial temperate; temperate; frozen"
609,"Alula Borealis Omega",6237,1.91,1.097,1.2,"valley; urban","frozen; humid"
610,"Alula Borealis Epsilon",6237,1.4,1.248,1.04,"lakes","superheated; windy; artic"
611,"Inazuma Hermesios",3265,8.02,0.794,2.16,"reef; mountain; acid pool; urban; scrubland","humid; rocky; arid"
612,"Cassioflux Yi",9956,2.13,0.883,1.34,"city; ocean","frigid"
613,"Cassioflux Jiu",9956,7.39,1.104,1.88,"river","frigid; arid; rocky; hot; humid; superheated; artificial temperate"
614,"Cassioflux Er",9956,0.47,0.681,0.88,"field; valley; plateau","temperate; frigid; subartic"
615,"Miram Gamma",4912,2.4,1.013,1.33,"grassy hill; cityscape","temperate; humid; artificial temperate; arid"
616,"Aludra Pi",6862,5.92,0.996,1.81,"river","superheated; temperate; tropical; frigid; subartic; windy"
617,"Yoru Ascendance Wu",9095,3.2,0.78,1.6,"forest; grassy hill; barren; volcano","artic; humid; arid"
618,"Yoru Ascendance Ba",9095,2.61,0.646,1.59,"mountain; ice cave; plain; acid pool; river; barren; valley","arid; artificial temperate; superheated; artic; hot; rocky; windy"
619,"Asterion Enigma Epsilon",728,3.3,0.742,1.64,"glacier","humid; frozen; artic"
620,"Asterion Enigma Theta",728,1.27,0.864,1.14,"tundra; desert; ice cave; plain","frozen; temperate; artificial temperate; superheated; humid; windy; tropical"
621,"Arcturus Si",2493,2.42,0.751,1.48,"swamp; cityscape; grassy hill","artificial temperate; tropical"
622,"Arcturus Er",2493,0.35,1.09,0.68,"cave; verdant; plateau; ocean; ice cave; field","tropical; windy; humid; artic; arid; superheated"
623,"Arcturus Shi",2493,8.58,1.005,2.04,"verdant","humid; subartic"
624,"Arcturus Liu",2493,5.42,1.342,1.59,"bog; vine; cityscape","arid; frozen; tropical"
625,"Cosmaraith XI",679,1.26,0.92,1.11,"cityscape; reef; vine; volcano; cliff","subartic; temperate; windy; humid; hot"
626,"Mimosa II",1976,3.58,1.562,1.32,"fungus forest; reef; city","humid; tropical"
627,"Sekhmet's Resonance Shi",4523,1.54,0.716,1.29,"rocky desert; bog; jungle","frozen; frigid; tropical"
628,"Sekhmet's Resonance Jiu",4523,1.61,0.94,1.2,"island; rock arche","rocky; artificial temperate; frigid"
629,"Sekhmet's Resonance Yi",4523,1.37,0.884,1.16,"field","arid; hot; frigid; windy"
630,"Sekhmet's Resonance Si",4523,3.1,1.215,1.37,"sea; grassland; ice canyon","artic; temperate; windy"
631,"Shizuku Seraph VIII",1657,7.71,1.288,1.82,"grassland","frozen; temperate; subartic; artificial temperate; arid; tropical; windy"
632,"Shizuku Seraph IX",1657,6.07,1,1.82,"rocky desert; plateau; barren","arid; tropical; subartic; windy; hot"
633,"Bastet's Silence V",4282,2.98,0.728,1.6,"sea","artificial temperate; artic; tropical; temperate"
634,"Uchū Veil Yi",318,4.16,1.224,1.5,"valley; lakes","arid; frigid; subartic; tropical; frozen"
635,"Uchū Veil Liu",318,0.97,0.723,1.1,"rainforest","humid; superheated; artificial temperate; arid; rocky; windy"
636,"Geisha's Echo Aphroditos",9920,5.24,0.858,1.83,"rocky desert; urban; mountain","superheated; frozen; tropical; artic; subartic"
637,"Clandestine Nebula San",1132,3.59,0.709,1.72,"lakes; savanna; forest","windy; superheated; tropical"
638,"Clandestine Nebula Qi",1132,2.31,1.001,1.32,"reef; verdant; cityscape; cave; rock arche; cliff; ice canyon","frigid; tropical; hot; subartic; artificial temperate"
639,"Clandestine Nebula Si",1132,2.16,0.756,1.42,"sinkholes; rainforest; ocean; plain","superheated; subartic; windy; artificial temperate"
640,"Clandestine Nebula Shi",1132,NA,1.086,1.48,"grassland; rocky desert; lakes","humid; frozen; artic"
641,"Mystic Expanse Astraeos",4581,7.77,1.177,1.88,"ice canyon; savanna; canyons","artificial temperate; rocky; frozen; arid"
642,"Mystic Expanse Titanos",4581,2.3,0.935,1.35,"reef; grassland","artic; temperate; subartic; frozen; windy"
643,"Mystic Expanse Irisian",4581,0.78,1.088,0.9,"lava river; urban","hot"
644,"Mystic Expanse Nymphios",4581,3.09,1.022,NA,"mountain; plateau; valley; glacier; jungle; river; toxic cloudsea","superheated; windy; artic; frozen; temperate; frigid"
645,"Vindemiatrix Psi",9337,4.33,0.968,1.65,"tundra; cityscape; cave; vine; field; glacier","tropical; frozen; artic; subartic; arid"
646,"Tupi Chi",2804,3.4,0.823,1.6,"sea","frigid; rocky; arid"
647,"Tupi Omega",2804,1.28,1.071,1.06,"desert; ice canyon; rocky island; barren; glacier; rock arche","frigid; artificial temperate; windy; arid; subartic"
648,"Tupi Sigma",2804,2.36,0.72,1.49,"rocky island; sea; river; island; mountain; jungle; ash","frigid; frozen; arid; humid; temperate; rocky; hot"
649,"Geminga Rho",6350,3.08,1.019,1.45,"vine; forest","hot; rocky; arid; tropical; subartic; humid; artic"
650,"Hanabi Mu",1424,2.83,0.837,1.5,"cliff; urban","arid"
651,"Márohu Decimal",5122,1.95,0.942,1.27,"ice canyon; lakes; jungle; grassland; mountain; city; field","rocky; artic; superheated; temperate; humid"
652,"Márohu Sextant",5122,3,0.985,1.45,"rocky desert","windy; frozen; subartic"
653,"Márohu Duodecimal",5122,NA,1.095,1.8,"tundra","rocky"
654,"Márohu Quintal",5122,0.98,0.748,1.09,"sea; forest; lakes; verdant","artic; artificial temperate; tropical; hot"
655,"Tojil Iota",9722,2.89,1.229,1.33,"mountain; rocky island","artificial temperate"
656,"Tojil Tau",9722,1.55,0.636,1.35,"volcano","frigid; arid; temperate; artic"
657,"Tojil Delta",9722,7.45,0.96,1.98,"jungle; rock arche; lava river","hot; temperate; windy; superheated"
658,"Tojil Theta",9722,1.87,1.151,1.18,"canyons; toxic cloudsea; acid pool; sea","superheated; humid; artic; subartic; arid"
659,"Rapeto Secant",3380,NA,0.895,2.19,"acid pool; vine; jungle; sinkholes","artic; superheated; arid"
660,"Rapeto Sextant",3380,4.25,0.901,1.68,"grassy hill; city; river; tundra; vine","artic; windy; tropical; humid"
661,"Sargas Nemesisian",4379,1.93,1.204,1.17,"cave","rocky; tropical; hot; temperate; frigid; artificial temperate"
662,"Avior Xi",4867,1.43,0.86,1.18,"reef; cave","tropical; humid; rocky; arid; temperate; subartic; frigid"
663,"Wazn Alpha",4332,5.47,0.864,1.85,"volcano; rock arche; jungle; cityscape","arid; superheated; subartic; hot"
664,"Wazn Upsilon",4332,0.75,0.842,0.96,"verdant; tundra; rainforest","hot; frigid; superheated"
665,"Praecipua Dionian",6480,4.67,0.795,1.8,"mountain; rock arche; glacier; jungle; bog","tropical; artic; humid; temperate"
666,"Praecipua Helios",6480,0.6,0.523,1.05,"tundra","hot; artic; humid; subartic"
667,"Praecipua Irisian",6480,1.17,1.017,1.05,"field; tundra; cliff; vine; ocean","humid; arid; artic"
668,"Praecipua Chimeraean",6480,2.53,1.034,1.35,"ocean; cityscape","frigid; frozen; humid; superheated; temperate; rocky"
669,"Skjoldr Shi",4959,1.07,1.323,0.93,"rock arche; cityscape; grassy hill; vine; plain","arid; rocky; windy; artic; frozen; temperate"
670,"Skjoldr Yi",4959,4.81,1.088,1.64,"island","arid; temperate"
671,"Ma'at's Silence XVIII",4567,1.27,0.79,1.17,"city; urban; reef; lava river","frozen; rocky; frigid; superheated; humid"
672,"Umbra Veil Helios",6385,5.81,1.155,1.71,"swamp; field; ocean; cityscape; jungle; valley","artificial temperate; tropical; frigid; frozen"
673,"Dofida Pantheon",6019,2.5,0.581,1.63,"lava river; tundra; rocky island; verdant; cliff","artificial temperate; superheated; rocky; windy"
674,"Geisha's Mirage Kappa",9511,6.2,0.861,1.93,"rocky canyon; ice cave; bog; jungle","hot; artic; windy; tropical"
675,"Geisha's Mirage Epsilon",9511,0.58,0.65,0.96,"cave","artificial temperate; humid; superheated"
676,"Geisha's Mirage Beta",9511,7.24,0.977,1.95,"cityscape; desert; valley","arid; frozen"
677,"Alnilam Octal",5592,5.28,0.816,1.86,"plateau; rainforest; verdant; hill","superheated; frozen; subartic; frigid; artic"
678,"Alnilam Nonal",5592,1.56,1.018,1.15,"fungus forest; plain; tundra; ice canyon; grassy hill","superheated; hot; artic; subartic"
679,"Achernar VIII",3154,3.09,1.271,1.34,"river; ash","hot; windy; rocky"
680,"Yed Posterior VII",8222,2.5,0.95,1.38,"plain; cityscape; rocky canyon; desert","humid; artificial temperate; rocky"
681,"Aurora Anomaly Janusian",9231,1.98,1.07,1.23,"verdant","windy; rocky"
682,"Aurora Anomaly Atlasios",9231,4.1,1.148,1.53,"urban; city; fungus forest; river; rocky desert","humid; arid; hot"
683,"Starshard XII",5915,2.71,0.682,1.58,"sea; field; verdant","hot; humid"
684,"Adhara Oranos",8776,2.79,0.715,1.57,"vine","artificial temperate"
685,"Stellarastra Aetherios",9022,1.7,1.322,1.09,"jungle; savanna","tropical"
686,"Stellarastra Gaios",9022,5.66,1.083,1.74,"rocky canyon; tundra","frozen; tropical; hot"
687,"Stellarastra Apollox",9022,1.64,1.163,1.12,"plain; island; reef; cave; savanna","hot; subartic; windy; humid"
688,"Stellarastra Tritonian",9022,7.17,0.832,2.05,"verdant; field; canyons; jungle; hill","frigid; subartic; arid; artic; artificial temperate; tropical"
689,"Sceptrum Nu",3290,9.1,1.124,2.01,"desert; cliff","hot; subartic"
690,"Pollux Secant",3470,6.84,0.942,1.94,"jungle; acid pool; rainforest; lakes; island; canyons","tropical; artic; frozen; superheated"
691,"Pollux Quartal",3470,2.45,0.788,1.46,"rainforest; cave; sinkholes; plain; sea","hot; humid; artificial temperate"
692,"Pollux Nonal",3470,1.06,1.108,0.99,"ocean; rocky island; island","rocky; frigid"
693,"Pollux Sextant",3470,2.07,1.129,1.22,"cliff; bog; grassland; savanna","temperate; frozen; superheated"
694,"Castor XIV",8395,5.01,0.928,1.75,"rocky island","arid; frigid; rocky; superheated; humid; hot; artic"
695,"Astrum Cryptic Nereidos",302,3.69,1.204,1.45,"sea; mountain; canyons; lava river; reef","superheated; frigid; windy; frozen"
696,"Zenithrion Hadean",2900,0.95,1.191,0.93,"glacier; plateau; barren; sea; fungus forest","humid; arid; artificial temperate; subartic"
697,"Zenithrion Cerberian",2900,5.03,0.839,1.82,"barren; sea; rocky island; city","artificial temperate; rocky; subartic; arid; frozen; artic"
698,"Riftwarder Centaurios",1269,2.02,0.87,1.32,"grassland; ash; cave; lakes; hill; valley","temperate; superheated; hot; frozen"
699,"Riftwarder Janusian",1269,1.38,1.075,1.09,"island; cityscape; reef","windy; artic; frigid"
700,"Cosmosis XIX",4354,2.73,1.112,1.35,"mountain","frozen; humid; tropical; hot"
701,"Sika Alpha",9696,0.83,0.974,0.95,"savanna","humid; superheated; arid; temperate; subartic"
702,"Sika Rho",9696,3.6,1.036,1.51,"swamp; field; toxic cloudsea; reef; verdant","frigid; artificial temperate; artic; tropical; rocky; hot"
703,"Sika Nu",9696,2.75,0.892,1.46,"scrubland; cityscape; rock arche; bog","windy; subartic; arid; humid; frozen"
704,"Sika Sigma",9696,1.16,1.099,1.02,"plain; verdant","rocky"
705,"Liesma Cerberian",7332,4.11,0.638,1.86,"cityscape; plateau","artic; rocky; subartic"
706,"Liesma Persephonian",7332,1.76,0.95,1.23,"canyons","windy; frigid; frozen; artificial temperate; subartic; artic; arid"
707,"Heliconian Whispers Olympios",4810,NA,1.235,NA,"mountain","frozen; arid; tropical; artic; temperate; superheated; subartic"
708,"Vesperian Whimsy Rho",1856,7.12,1.047,1.89,"river; ice cave","artificial temperate; frigid; artic; subartic"
709,"Vesperian Whimsy Mu",1856,2.61,1.349,1.25,"reef; swamp; canyons; mountain; grassland","superheated; subartic; temperate; humid; artificial temperate"
710,"Vesperian Whimsy Epsilon",1856,0.79,0.48,1.18,"rocky canyon; jungle; forest; island; sinkholes; ocean; reef","superheated; rocky; tropical; temperate; frigid"
711,"Luminous Ember Harpian",9849,1.24,0.883,1.12,"sinkholes; urban; vine; jungle; plain; rock arche","windy; superheated; artificial temperate; temperate; subartic"
712,"Luminous Ember Nemesisian",9849,5.14,0.741,1.91,"forest; city; volcano; urban; grassy hill; bog; reef; island","temperate; windy; artificial temperate; superheated; frozen; artic; arid"
713,"Obsidian Threshold Eta",5267,1.59,1.085,1.14,"sea","artificial temperate"
714,"Obsidian Threshold Sigma",5267,1.38,0.867,1.17,"urban; cityscape; verdant","temperate; frigid; subartic; arid"
715,"Obsidian Threshold Alpha",5267,1.54,1.347,1.05,"savanna; sea; acid pool; sinkholes; fungus forest","temperate; hot; humid; subartic; frozen"
716,"Obsidian Threshold Phi",5267,7.24,0.896,2.01,"ash; river","humid; rocky; hot; artic; tropical"
717,"Comet Shroud Zeta",2433,1.61,1.324,1.07,"canyons; cave; cityscape; vine; swamp; tundra; savanna; plain","temperate; windy; frigid; frozen; arid; subartic; humid"
718,"Comet Shroud Eta",2433,8.41,0.476,2.6,"rock arche; rocky desert; rainforest; ocean","tropical; frozen; artificial temperate"
719,"Ankh Horizon Theta",2371,2.22,0.889,1.36,"city; urban; savanna; acid pool; canyons; field; plain","artificial temperate; superheated; artic; hot; arid"
720,"Ephemeral Phoenix Sextant",9267,2.01,0.729,1.4,"mountain; rainforest","frozen; hot; superheated; arid"
721,"Ephemeral Phoenix Septimal",9267,9.38,0.741,2.33,"island; city","temperate; subartic"
722,"Ephemeral Phoenix Octal",9267,2.06,1.214,1.19,"cityscape; ice canyon; savanna; canyons; urban","artic; subartic; arid; rocky"
723,"Dingolay XX",9009,2.06,0.405,1.72,"fungus forest","hot"
724,"Dingolay XXIV",9009,2.2,1.172,1.23,"ice canyon; canyons","temperate; frozen"
725,"Symbionara Janusian",1483,NA,0.969,1.68,"grassland; volcano; hill","humid; artic; hot"
726,"Titanium Quasar II",7464,6.35,0.849,1.96,"cityscape; jungle","rocky; superheated"
727,"Titanium Quasar XVII",7464,1.29,1.349,0.99,"verdant; island; desert; sea","rocky; hot; subartic; humid"
728,"Aetheronix Apollox",6505,NA,1.255,1.2,"cave","rocky; superheated; hot; frigid"
729,"Bunda Jiu",1858,1.07,1.101,0.99,"rocky island; savanna; river","superheated; subartic; humid; frigid"
730,"Bunda Shi",1858,9.71,1.287,1.96,"ocean","temperate; rocky; arid; superheated"
731,"Brachium IX",1315,3.6,0.763,1.68,"city; cave","rocky"
732,"Quantraflux Eta",28,6.11,0.794,1.97,"river; grassy hill; rocky island; rock arche; savanna","rocky; hot; temperate; superheated"
733,"Shogun's Loom Nyxios",9209,8.04,1.097,1.94,"grassy hill","arid; temperate; hot; superheated; frozen"
734,"Nahn XVII",9977,2.46,0.83,1.44,"rocky canyon; cityscape","windy; artificial temperate; subartic"
735,"Nahn XVI",9977,NA,1.332,1.67,"rocky desert; rocky island; glacier; fungus forest; toxic cloudsea; ocean","rocky; hot; artic; windy; arid"
736,"Atakoraka Sextant",922,3.8,1.174,1.48,"hill; plain","artificial temperate; superheated; hot"
737,"Hannya's Silence Ba",5643,1.09,1.246,0.96,"plain","artic; superheated; rocky"
738,"Alshat Quartal",9877,4.3,0.73,1.81,"vine; glacier; forest; plateau","subartic; hot; arid; artificial temperate"
739,"Eonix Phi",5613,7.71,1.288,1.82,"plateau","artic; subartic; temperate; arid; superheated"
740,"Gomeisa Sirenios",3554,1.1,1.238,0.96,"plain; urban; savanna; rock arche; cityscape; vine; verdant; rocky desert","artificial temperate; frozen; temperate; hot; frigid"
741,"Rotanev Xi",4080,1.11,0.491,1.31,"city; ice canyon","artic"
742,"Rotanev Mu",4080,3.27,1.355,NA,"sinkholes","superheated; tropical"
743,"Nyamien Lambda",454,8.73,0.892,2.14,"ice canyon; jungle; cliff; rainforest; river","artificial temperate; windy; artic; tropical"
744,"Nikawiy Herculean",129,2.03,0.687,1.43,"grassy hill; savanna; tundra; verdant","hot; frigid; artic"
745,"Nikawiy Nymphios",129,2.56,1.298,1.25,"plateau; mountain; ocean; ice canyon; rocky island","subartic; frozen; temperate"
746,"Nova Prism VI",1510,3.58,0.874,1.6,"field","arid; frigid; rocky; tropical"
747,"Furud Er",8768,8.4,1.02,2.02,"ice canyon","frigid; tropical; frozen"
748,"Furud Yi",8768,4,0.59,1.89,"river","humid"
749,"Asellus Borealis XII",848,1.26,0.941,1.1,"cityscape; rocky desert","artic; hot"
750,"Ceibo Cerberian",8519,5.92,0.521,2.25,"reef; lava river; city","superheated; windy; humid; frozen"
751,"Ceibo Nemesisian",8519,1.04,1.028,1,"island; mountain; rocky desert","arid; frozen; humid"
752,"Dabih Zeta",2668,3.71,0.86,1.63,"river; field; valley; bog; sea; vine","frozen; tropical; frigid; rocky; windy"
753,"Inquill VII",1734,4.55,0.665,1.9,"valley; swamp; jungle","artificial temperate; tropical; windy; frigid; temperate; superheated"
754,"Sāmaya Aetherios",5550,4.85,0.64,1.96,"fungus forest; rainforest; desert; island; ash; grassy hill","humid; rocky; superheated; artificial temperate"
755,"Sāmaya Atlasios",5550,0.78,0.849,0.97,"city","windy; superheated"
756,"Sāmaya Olympus",5550,3.37,0.904,1.55,"rainforest; acid pool; canyons; lava river; ice cave; cliff","humid; artic; tropical; hot"
757,"Sāmaya Typhonian",5550,1.43,1.194,1.06,"grassland; plateau; tundra; lakes; verdant; field","superheated; subartic; windy; humid; frigid; hot"
758,"Taiyangshou Sigma",234,1.4,0.636,1.3,"sinkholes; cave; rocky canyon; lava river; volcano; plateau; canyons; swamp","frigid; superheated; hot; humid; artificial temperate"
759,"Hatysa XVI",5029,7.53,1.457,1.73,"grassland","frozen; humid; frigid; windy"
760,"Skaldspark Echoian",7268,0.42,1.05,0.74,"glacier; rock arche; plain; cityscape","artic; frozen; subartic"
761,"Mirzam XI",3752,1.56,1.208,1.09,"river; rocky island","hot; frigid; humid; frozen; superheated; arid"
762,"Mirzam XIII",3752,1.51,1.232,1.07,"plain; rocky island; vine; volcano; forest; mountain; cliff; urban","temperate; tropical; subartic; frozen; rocky; arid"
763,"Nefertiti's Nebula Hecatean",8482,7.64,1.19,1.86,"mountain","windy; subartic"
764,"Samurai's Veil Demetrian",4620,3.34,0.865,1.57,"plain; hill; cave; rainforest; swamp; canyons; verdant","temperate; rocky; frigid; superheated; tropical; humid"
765,"Cassionara Qi",2786,6.3,1.12,1.78,"bog; field; grassy hill; plain","subartic; hot; temperate; frozen; artificial temperate"
766,"Cassionara Liu",2786,3.8,1.236,1.45,"jungle; cliff","temperate; tropical; hot; windy"
767,"Titanic Mirage XXII",5831,1.76,0.736,1.34,"cave; valley; swamp; forest; cityscape","rocky; windy; frozen; subartic; tropical; hot"
768,"Imai Lambda",3324,4.9,1.15,1.62,"river; lava river; volcano","windy; frigid; artificial temperate; superheated; temperate; tropical"
769,"Lygos Veil Septimal",7240,2.48,0.848,1.43,"grassland","humid; artificial temperate; artic; tropical"
770,"Lygos Veil Duodecimal",7240,6.88,1.277,1.75,"plain; tundra; rocky canyon; urban; rocky island","frozen; frigid; superheated; humid; temperate"
771,"Hikari Xi",2299,2.88,1.116,NA,"rainforest; cityscape","subartic; windy; tropical; frozen"
772,"Ignitionara Hadean",2341,2.15,1.111,1.25,"forest; plain","frozen; temperate"
773,"Tarf Selenean",9685,8.6,0.872,2.14,"ocean; river; city; forest; toxic cloudsea; acid pool; swamp","frozen; tropical; artic; subartic; artificial temperate; superheated"
774,"Tarf Gaian",9685,2.92,1.078,1.39,"river; lakes; plain","arid; humid; rocky; superheated; artificial temperate; hot; windy"
775,"Frostgale Herculean",2667,NA,0.481,1.86,"hill; tundra","artificial temperate; frigid; windy; hot; artic"
776,"Xihe Septimal",6221,NA,0.994,1.83,"cave; grassy hill","temperate; frozen; rocky"
777,"Heze Duodecimal",2912,1.49,0.89,1.19,"rocky desert","subartic; windy; artic; superheated"
778,"Heze Secant",2912,5.55,1.131,1.7,"reef; glacier","frozen; arid; frigid; rocky; superheated; hot; artificial temperate"
779,"Tesserion Theta",5699,7.01,1.194,1.8,"cliff; sinkholes","superheated; artificial temperate; rocky; subartic; artic"
780,"Tesserion Alpha",5699,2.33,1.16,1.26,"mountain","artificial temperate; artic; hot"
781,"Tejat Omega",9909,1.9,0.778,1.35,"island; acid pool; field; ice cave; mountain; forest; jungle; city","frozen; subartic; artificial temperate; superheated; rocky"
782,"Sterrennacht Duodecimal",6721,2.34,1.146,1.27,"valley; ice cave; lakes; desert; ice canyon","rocky; superheated; artic; subartic"
783,"Sterrennacht Octal",6721,8.4,1.067,1.99,"sea; ice cave; savanna; toxic cloudsea","frigid; superheated; frozen; subartic"
784,"Sterrennacht Prime",6721,2.55,1.146,1.31,"plateau; ash; river; glacier; barren; acid pool","arid; humid; frozen; superheated"
785,"Ayeyarwady Iota",497,3.41,1.128,1.45,"canyons; grassy hill","temperate; humid; windy"
786,"Infinite Iris III",9795,6.28,0.9,1.91,"glacier; grassland; ocean","tropical; superheated; frigid; hot; temperate; frozen; windy"
787,"Infinite Iris XII",9795,1.48,1.74,0.95,"ash; plain; rocky desert","frozen; temperate; artic; hot; superheated"
788,"Infinite Iris IV",9795,1.3,0.817,1.17,"bog; acid pool; sinkholes","hot; artificial temperate; humid"
789,"Infinite Iris I",9795,4.83,1.101,1.64,"rock arche; lava river; hill; grassland; island","tropical; hot; superheated; temperate"
790,"Helionis Decimal",1974,3.01,0.684,1.64,"city","artic"
791,"Helionis Quartal",1974,2.66,1.044,1.37,"ice canyon; canyons; rocky island; savanna","frigid; windy; rocky; subartic"
792,"Helionis Octal",1974,1.34,1.146,1.05,"glacier; cliff; canyons; verdant","temperate; artic; frigid; humid; subartic"
793,"Helionis Secant",1974,2.17,1.268,1.2,"jungle; forest; jungle; rainforest","tropical; rocky; superheated; artic"
794,"Hayabusa Nexus Mu",671,7.52,1.307,1.79,"ice cave; forest","hot; frozen; rocky; tropical"
795,"Hayabusa Nexus Alpha",671,5.73,0.792,1.93,"sea; ocean; cave","superheated; frigid; windy"
796,"Hayabusa Nexus Iota",671,3.17,0.405,1.99,"sea; verdant","arid; temperate; subartic; artic"
797,"Kachō Nemesisian",7349,1.96,0.812,1.34,"forest; grassland; rainforest","windy; humid; superheated; artificial temperate; artic; rocky"
798,"Kachō Hermesios",7349,6.77,1.019,1.88,"ocean; urban; acid pool","artificial temperate; subartic; frigid; rocky; windy; artic; temperate"
799,"Kachō Echoian",7349,2.19,1.037,1.28,"reef; river; lava river","tropical; frozen; artic; windy; arid"
800,"Kachō Faunios",7349,8.43,1.366,1.83,"grassland; rocky desert; ash","temperate; humid; artic; superheated"
801,"Nebuloria Tertial",4865,3.6,0.942,1.56,"mountain; cliff","superheated"
802,"Subra Tau",892,7.19,1.632,1.64,"river; rainforest; fungus forest; jungle; jungle; cave","rocky; temperate; subartic; tropical; artificial temperate"
803,"Meleph Eta",5375,8.44,1.179,1.93,"rocky island; ice cave; forest; mountain; sinkholes","superheated; artificial temperate; windy; artic"
804,"Meleph Mu",5375,3.54,0.988,1.53,"forest; field","artificial temperate; arid; temperate"
805,"Alrakis Phi",9054,9.34,0.908,2.17,"valley; desert; island; field; forest; glacier","rocky; tropical; humid; superheated; temperate; artic; frigid"
806,"Seishin Shi",3184,6.56,0.703,2.11,"grassy hill; barren; ice canyon","temperate; arid; subartic; windy"
807,"Starglow Haven Persephonian",8591,7.15,0.8,2.08,"island","artic; humid"
808,"Umi Expanse XXII",1446,0.64,0.738,0.95,"canyons; rocky island","artificial temperate"
809,"Umi Expanse IX",1446,4.6,1.114,1.6,"hill; cityscape","tropical; subartic"
810,"Umi Expanse VII",1446,2.35,1.05,1.31,"valley; canyons; mountain; desert; island","superheated; rocky; hot"
811,"Aozora Nebula Beta",1397,1.37,1.039,1.1,"plain; urban","frozen; subartic; rocky; artic"
812,"Aozora Nebula Tau",1397,1.25,0.959,1.09,"cliff","windy; frigid; hot"
813,"Aozora Nebula Chi",1397,8.44,0.925,2.09,"tundra; lava river; vine; ash","windy; superheated; hot; subartic"
814,"Aozora Nebula Phi",1397,5.61,0.613,2.09,"river","frozen; rocky; frigid"
815,"Mahasim Astraeos",2373,0.97,0.718,1.11,"cliff; bog","arid; temperate; windy"
816,"Ronin's Horizon Quartal",6074,4.58,0.478,2.12,"fungus forest; bog; ocean","hot; temperate; artificial temperate; superheated; rocky; humid"
817,"Ronin's Horizon Septimal",6074,9.2,0.763,2.29,"verdant; urban; grassy hill; forest; river","arid; frozen; windy; artificial temperate; artic"
818,"Ukiyo Reverie Mu",6455,4.74,1.488,1.47,"verdant; urban; rocky canyon; field","artificial temperate; windy; subartic; superheated; temperate"
819,"Ukiyo Reverie Sigma",6455,7.98,1.037,1.97,"island; glacier","frigid; rocky"
820,"Ukiyo Reverie Delta",6455,2.65,0.993,1.39,"rocky island; desert","artic; rocky"
821,"Lyra XVII",9192,3.64,1.007,1.53,"city; ice canyon; plateau; urban; sea; verdant","subartic; frigid; arid; frozen"
822,"Lyra VIII",9192,5.82,0.882,1.88,"grassy hill; cliff; vine; hill; rock arche; cave","rocky; subartic; arid; hot; tropical; humid"
823,"Lyra XI",9192,5.16,0.901,1.79,"river","humid; artificial temperate; superheated"
824,"Lyra I",9192,2.56,1.077,1.33,"rock arche","tropical; artificial temperate; windy; superheated; humid; artic"
825,"Nebulae Cipher Sextant",3468,3.89,0.762,1.72,"cityscape; jungle; field; river","artic; humid; subartic; frigid; tropical"
826,"Lyraflux Iota",72,1.48,0.735,1.26,"lakes; jungle; rock arche","windy; tropical; artic"
827,"Blizzardrider Vigesimal",8401,0.44,0.548,0.93,"forest; volcano; plain","superheated; artificial temperate; arid; windy"
828,"Blizzardrider Quintal",8401,2.97,0.702,1.62,"vine; ocean","arid; artificial temperate; frigid; frozen"
829,"Vortexian Psychean",198,8.7,1.139,1.97,"grassland; field; plateau; fungus forest; acid pool","superheated; hot; arid; humid"
830,"Sakura Radiance XV",445,1.28,1.212,1.02,"glacier; ocean","humid; windy; artificial temperate; frigid"
831,"Zephyrion Hermian",8081,3.5,1.331,1.38,"plain; lakes","hot; rocky; tropical; arid; artificial temperate"
832,"Zephyrion Centaurios",8081,7.69,1.149,1.88,"lakes","humid; arid; temperate; superheated"
833,"Zephyrion Olympios",8081,2.2,1.571,1.12,"rocky desert; island","windy; tropical; frigid; humid"
834,"Tania Australis XVIII",8585,2.28,1.168,1.25,"valley; desert; city; hill; swamp; cityscape","humid; frigid; artificial temperate; superheated; rocky; windy"
835,"Elysionix Olympus",6855,3.88,0.78,1.71,"urban; acid pool; sea; canyons; ice canyon; rocky desert","hot; rocky; frozen; superheated"
836,"Elysionix Hadean",6855,1.67,1.379,1.07,"verdant; city; tundra","subartic; superheated"
837,"Diphda Asclepian",4447,3.2,0.84,1.56,"cliff; rocky canyon; tundra; glacier","arid; superheated; subartic; artic"
838,"Amun-Ra Mirage Olympus",9643,3.25,1.719,1.24,"city; cliff; bog","artificial temperate; frigid; hot; subartic; temperate"
839,"Amun-Ra Mirage Helios",9643,2.09,1.063,1.25,"verdant; hill; forest; lava river; toxic cloudsea","frozen; tropical; arid"
840,"Nebulonara Persephonian",5716,7.42,1.046,1.92,"forest; ash","temperate; rocky; hot; frozen"
841,"Nebulonara Olympios",5716,6.73,1.098,1.83,"rocky desert","artic"
842,"Galacticon Tritonian",528,2.77,0.855,1.48,"fungus forest; hill; bog; canyons","arid; windy; rocky; artic; humid; artificial temperate"
843,"Galacticon Aphroditos",528,1.87,1.133,1.18,"cave","artic; subartic; tropical; temperate; windy; hot"
844,"Lich Lambda",1892,2.33,0.942,1.35,"hill; rock arche; cave; river; rocky desert","subartic; frozen; artic; tropical"
845,"Mekbuda Hermian",1301,3.13,1.317,1.33,"savanna; rocky desert","windy; artic; tropical; artificial temperate; frozen"
846,"Starshara Sigma",8696,4.02,1.142,1.52,"city; rock arche; hill; plain; urban; grassy hill; canyons","rocky; frozen; hot; superheated; frigid"
847,"Starshara Mu",8696,4.26,0.647,1.87,"cave; plain; canyons","superheated; arid; frozen; rocky"
848,"Starshara Alpha",8696,6.91,1.164,1.81,"cliff; fungus forest; rocky canyon; plateau; grassy hill","rocky; tropical; artificial temperate"
849,"Ryusei Athenian",8700,3.88,1.37,1.41,"rock arche","windy; rocky; frozen; artic; subartic; superheated"
850,"Segin Poseidian",3917,7.98,0.964,2.02,"grassland; reef","temperate"
851,"Taygeta XVI",6293,3.25,0.48,1.89,"sea","subartic; artificial temperate; artic; rocky"
852,"Sekai Ember Hestian",2070,4.71,1.446,1.48,"jungle; desert; lakes","arid; frigid; subartic; hot"
853,"Polaris Australis Lambda",5595,0.69,0.838,0.94,"urban; acid pool; valley","artic; subartic; rocky"
854,"Situla Astraeos",6154,3.21,0.854,1.56,"fungus forest; bog; verdant; river; cliff","tropical; hot; superheated"
855,"Koi's Whisper I",9545,2.36,0.883,1.39,"glacier; rocky desert; toxic cloudsea; verdant; canyons; savanna","frozen; frigid; rocky; arid"
856,"Spectrion Xi",8893,1.34,1.039,1.09,"canyons; urban; volcano","windy; arid; temperate; frigid"
857,"Spectrion Upsilon",8893,8.05,1.153,1.91,"valley","subartic; arid; rocky; artic; superheated"
858,"Spectrion Kappa",8893,0.59,1.152,0.8,"ice cave; reef; toxic cloudsea","frozen; hot; frigid"
859,"Zubenelgenubi Wu",3236,5.83,1.415,1.6,"scrubland; forest; vine; volcano; rocky desert; field","artificial temperate; subartic; arid; frigid; frozen"
860,"Nebulous Silence Iota",2683,5.43,1.135,1.68,"verdant; acid pool","artificial temperate; rocky; humid"
861,"Nebulous Silence Upsilon",2683,0.68,0.905,0.91,"fungus forest; cliff","frozen; tropical; artificial temperate"
862,"Mizar Mu",6547,3.02,1.228,1.35,"ice cave; forest; grassland","temperate; artic"
863,"Mizar Epsilon",6547,2.01,1.005,1.26,"sea; volcano","frigid; artificial temperate; humid; arid"
864,"Cosmic Whispers XII",2140,5.23,1.249,1.61,"hill; jungle; plain; field; bog","artificial temperate; tropical; temperate"
865,"Cosmic Whispers XX",2140,3.11,0.967,1.48,"grassy hill; cliff; city","arid; humid; artic"
866,"Thunderhoof Sigma",5256,8.38,1.091,1.97,"tundra; rainforest; savanna","windy; subartic; superheated"
867,"Thunderhoof Omega",5256,5.42,0.469,2.26,"river; ice cave; rocky island; lava river; cityscape","rocky; frigid; artificial temperate; arid; temperate"
868,"Dalim Secant",3027,0.66,0.988,0.87,"rock arche; acid pool; city; fungus forest","tropical; temperate; frigid; frozen; artificial temperate; rocky; arid"
869,"Dalim Vigesimal",3027,7.87,1.098,NA,"rock arche","temperate"
870,"Dalim Undecimal",3027,2.75,1.029,1.39,"tundra; acid pool","frozen; tropical; humid; superheated; hot; windy"
871,"Terebellum Psi",5826,1.75,1.095,1.17,"scrubland","rocky; arid; humid"
872,"Terebellum Gamma",5826,2.15,0.944,1.32,"urban; cityscape; sea","windy; frigid; artic; artificial temperate"
873,"Terebellum Epsilon",5826,1.24,1.029,1.06,"hill; island; cityscape; savanna; ice cave; cliff; field","rocky; tropical; superheated; frigid; subartic"
874,"Terebellum Eta",5826,NA,0.934,1.01,"rocky canyon; volcano","humid; rocky; arid; windy; temperate"
875,"Mothallah Eta",3382,3.03,1.134,NA,"acid pool; field","superheated; temperate; frozen"
876,"Mothallah Sigma",3382,6.32,1.039,1.83,"grassland; mountain; jungle","humid; hot; frigid; artic"
877,"Mothallah Psi",3382,2.13,0.949,1.31,"desert; plateau; lakes; river; tundra; acid pool","subartic; rocky; artic; temperate; artificial temperate; humid"
878,"Lucilinburhuc XIV",5635,1.19,1.061,1.04,"grassy hill","windy; artificial temperate; frigid; frozen; arid; humid"
879,"Lucilinburhuc II",5635,2.12,1.571,1.11,"rock arche; ash; plateau; rocky island","hot; artic; subartic; tropical; temperate"
880,"Lucilinburhuc XI",5635,2.89,1.272,1.31,"cave; tundra; rock arche; verdant; grassy hill; bog; cityscape","hot; artificial temperate; tropical; temperate; arid; subartic"
881,"Lucilinburhuc XVIII",5635,1.37,0.792,1.2,"island; lava river; rocky desert; fungus forest; vine; sinkholes; city","frozen; rocky; tropical; arid; superheated"
882,"Spectral Veil Oranos",5869,9.45,1.383,NA,"lakes; bog; cliff; verdant","artic; arid; artificial temperate; temperate; frigid"
883,"Pulsariax XX",6680,1.67,1.181,1.12,"bog; plateau; vine; rocky canyon","frigid; windy; rocky; temperate; subartic"
884,"Pulsariax I",6680,1.27,1.215,1.01,"cliff; hill","rocky; superheated; tropical; subartic"
885,"Pulsariax XI",6680,2.39,1.322,1.22,"tundra; jungle","frozen; windy; artic; tropical"
886,"Pharaoh's Silence IX",4333,0.39,1.23,0.68,"cave; rocky island; mountain; rocky canyon; sinkholes; acid pool; ocean","hot; rocky; artic; subartic; temperate; frozen; frigid"
887,"Fomalhaut Sigma",1900,2.93,0.676,1.63,"city; river; rock arche; cave","rocky; frozen; artic"
888,"Alnitak Undecimal",3223,2.43,0.964,1.36,"lakes; plain; ice cave","artificial temperate; frigid; frozen"
889,"Alnitak Nonal",3223,2.55,1.109,1.32,"plateau; sea","artificial temperate"
890,"Alnitak Prime",8058,8.24,0.685,2.29,"rocky desert; urban; jungle; volcano; ocean; cliff; ice canyon; rainforest","hot; rocky; artificial temperate; frigid; humid; windy; artic"
891,"Alnitak Sextant",3223,1.8,1.003,1.22,"urban; city; toxic cloudsea; hill","hot; artificial temperate; artic; subartic; tropical; temperate; rocky"
892,"Ninja's Horizon Quintal",4063,7.96,0.557,2.43,"plateau; cave","frigid"
893,"Revati II",3839,1.52,1.481,1.01,"urban","arid; artic; subartic"
894,"Revati XIX",3839,1.36,0.95,1.13,"island; lava river; rock arche; plateau; reef","subartic; rocky; superheated; tropical; windy"
895,"Kawa Liu",4226,3.42,0.766,1.65,"vine; fungus forest; cave; rocky island; acid pool; cityscape; jungle; plateau; bog","hot; artic; rocky; subartic; artificial temperate; temperate"
896,"Igniflux Vigesimal",913,2.53,0.686,1.55,"cityscape; glacier; lakes; river","subartic; tropical; windy; frozen"
897,"Citadelle Duodecimal",3106,3.88,0.913,1.62,"urban; sea; vine; cave; grassy hill","artificial temperate; subartic; hot; windy; frozen"
898,"Sadalsuud Dionysios",6551,3.12,1.378,1.31,"volcano; forest; hill","hot; artificial temperate; humid"
899,"Sadalsuud Tritonian",6551,7.03,0.767,2.09,"rocky canyon; plateau","subartic; humid; tropical; hot; rocky"
900,"Sadalsuud Harpian",6551,4.5,0.715,1.85,"field; jungle; lakes","arid; artic; frozen; hot"
901,"Sadalsuud Janusian",6551,2.12,1.282,1.18,"reef; plain; sinkholes; desert","rocky; hot; arid; superheated"
902,"Lunarianth Wu",9075,3.1,1.187,1.38,"river; toxic cloudsea; jungle; vine","superheated; humid; artic; hot"
903,"Lunarianth San",9075,6.49,1.037,1.84,"cliff; ice cave; desert; valley; vine; cityscape","temperate; humid; hot; artificial temperate; frozen"
904,"Lunarianth Jiu",9075,8.22,1.535,1.75,"reef","superheated; arid; temperate; frozen; frigid"
905,"Whalecaller Delta",5438,7.4,1.061,1.91,"urban; rock arche; hill","hot; tropical; rocky; arid"
906,"Gloas Beta",3018,9.59,1.23,1.98,"tundra; cliff; rocky island; river","subartic; tropical; artificial temperate"
907,"Gloas Upsilon",3018,2.63,1.189,1.3,"city; mountain","frigid; artic; humid"
908,"Gloas Tau",3018,6.11,0.885,1.9,"river; city; grassy hill; rocky island","artificial temperate; superheated; frigid; windy; frozen"
909,"Gloas Mu",3018,3.78,0.654,1.79,"tundra; plateau; barren; rocky desert; vine","arid; artic; subartic; frozen; rocky"
910,"Sarin Nonal",6725,7.08,1.017,NA,"mountain","tropical; artificial temperate; temperate"
911,"Sarin Vigesimal",6725,7.58,0.932,2.01,"rocky canyon","humid; artificial temperate; superheated"
912,"Quasar Nova Si",3698,1.96,1.378,1.12,"vine","arid; hot"
913,"Quasar Nova Shi",3698,4.86,0.61,2,"cliff; cave; island; hill","arid; superheated; tropical; temperate"
914,"Quasar Nova Yi",3698,1.63,1.312,1.08,"ice canyon; desert; sinkholes; glacier; hill","artic; superheated; humid; subartic"
915,"Arcalís XVI",3421,8.94,1.382,1.86,"ocean","windy"
916,"Arcalís XI",3421,6.35,0.639,2.15,"ice cave; savanna; lakes; sinkholes","superheated; tropical; artic; rocky; hot; arid"
917,"Arcalís XXII",3421,6.03,0.761,1.99,"verdant; river","windy; subartic; artificial temperate; rocky; hot"
918,"Icewind Psi",480,6.69,1.248,1.75,"fungus forest; toxic cloudsea; field; rainforest; ice canyon; ice cave; canyons","frozen; artic; humid; windy; temperate; tropical; superheated"
919,"Icewind Delta",480,2.15,0.796,1.39,"forest; sea; valley; field","windy; artificial temperate; humid; rocky"
920,"Icewind Iota",480,3.99,1.242,1.48,"grassy hill; tundra; verdant","artificial temperate; windy; artic"
921,"Lunacara Shi",5599,1.08,1.217,0.96,"glacier; rocky desert; verdant","subartic; frozen"
922,"Lunacara Liu",5599,0.95,1.083,0.96,"rocky island; glacier; rock arche; urban; rocky canyon","temperate; frigid; artificial temperate"
923,"Rasalgethi XIII",8837,2.7,0.89,1.45,"forest; savanna; sinkholes; ice canyon; cave","tropical; windy; artic; superheated; subartic; temperate; hot"
924,"Luminastra Chimeraean",6157,2.48,0.951,1.38,"jungle; tundra; rocky island; jungle; hill; rock arche","rocky; tropical; humid; temperate"
925,"Markab Lambda",136,1.87,1.065,1.21,"mountain; sinkholes","superheated; arid"
926,"Markab Omega",136,5.89,0.993,1.81,"lakes; savanna; grassy hill; mountain; verdant; acid pool; volcano; barren","arid; rocky; artificial temperate; artic; frigid"
927,"Markab Psi",136,2.05,0.874,1.33,"field; canyons","tropical; artificial temperate"
928,"Sadr Tau",1521,6.15,1.056,1.8,"acid pool; ice canyon; rocky island; valley","tropical; artic; rocky; windy; superheated"
929,"Sadr Sigma",1521,0.77,1.094,0.89,"urban","arid; subartic"
930,"Dìwö XI",730,6.85,0.765,NA,"island; lava river; verdant","artic; superheated; artificial temperate; frigid"
931,"Dìwö II",730,2.46,1.061,1.32,"plain; island; city; vine; jungle; acid pool; bog; grassland","rocky; frigid; tropical; windy; frozen; humid; subartic"
932,"Dìwö VI",730,4.3,0.618,1.91,"rocky canyon","tropical; temperate"
933,"Astrum Quasar Jiu",6429,1.11,1.155,NA,"savanna","arid"
934,"Astrum Quasar Liu",6429,1.71,1.158,1.14,"valley","arid"
935,"Astrum Quasar San",6429,3.05,0.886,1.51,"verdant; desert; sea","arid; frozen; subartic; artificial temperate; frigid"
936,"Astrum Quasar Er",6429,4.08,1.128,1.54,"lava river; cave; plateau","tropical; frigid; superheated; artic"
937,"Hinotori Whispers Quartal",6648,0.83,0.637,1.09,"forest; bog; lakes; reef","temperate; artificial temperate; subartic; windy"
938,"Hinotori Whispers Undecimal",6648,7.91,0.794,2.15,"sinkholes; savanna; cliff; mountain; island","temperate; rocky; windy; superheated"
939,"Hinotori Whispers Vigesimal",6648,4.01,0.764,1.74,"ash; rocky island; acid pool","rocky; superheated"
940,"Kaus Borealis XIX",5190,NA,0.501,1.99,"cave; urban; glacier; ice canyon","superheated; frozen; subartic; windy"
941,"Kaus Borealis XVIII",5190,0.54,1.3,0.75,"acid pool","superheated"
942,"Kaus Borealis II",5190,0.64,1.439,0.76,"rainforest","tropical; frigid"
943,"Kaus Borealis VI",5190,2.64,1.023,1.37,"scrubland","arid; tropical; temperate"
944,"Sheliak Septimal",8710,1.2,1.482,0.93,"ice canyon; glacier; rocky canyon","arid; frozen"
945,"Sheliak Tertial",8710,2.01,0.85,1.33,"vine; ocean; sinkholes; rock arche","arid; subartic; hot"
946,"Solaraether Hecatean",1763,2.43,1.109,1.3,"hill; field; savanna; lava river; ocean","frozen; superheated; hot; artificial temperate; rocky"
947,"Quanticara Secant",2132,NA,0.831,1.42,"plain","artificial temperate; rocky; artic"
948,"Quanticara Tertial",2132,1.71,1.031,1.18,"ash; fungus forest; plateau","windy; superheated; frozen; humid"
949,"Quanticara Quartal",2132,2.25,0.866,1.37,"cave","hot; superheated; windy; arid"
950,"Quanticara Nonal",2132,0.94,1.307,0.9,"tundra; ocean","superheated; humid; arid; frigid"
951,"Quantum Gaze Apollox",2065,2.7,0.982,1.4,"canyons; urban; cityscape","artic; hot"
952,"Mago Duodecimal",7691,3.12,0.669,1.67,"cityscape","artificial temperate; windy; frigid"
953,"Minelauva Eosian",4727,2.1,1.594,1.1,"island; grassy hill; sea; ocean","humid; temperate; rocky; frozen; windy; arid; hot"
954,"Minelauva Nyxios",4727,3.31,0.864,1.56,"hill; ash","superheated; frigid; hot; artificial temperate"
955,"Aurora Phantasm Yi",4469,2.2,0.732,1.44,"cave","frozen; tropical; frigid; arid"
956,"Aurora Phantasm Er",4469,1.44,0.875,1.18,"rainforest; verdant; river; valley; urban; ice cave; acid pool","tropical; frozen; arid; windy; artificial temperate; hot; subartic"
957,"Astral Whisper VIII",9023,1.9,1.042,1.22,"jungle; savanna","rocky; hot"
958,"Fuji Nebula Harpian",6120,0.57,1.064,0.81,"volcano","humid; arid; windy; rocky"
959,"Chara Zephyrian",9541,4.97,1.061,1.67,"field; ice canyon","temperate; subartic; frozen"
960,"Geisha's Whisper V",1951,0.51,0.701,0.9,"mountain; plain; city; glacier; ice canyon","artic; arid; superheated; frigid"
961,"Tuiren Harpian",3283,2.71,1.266,1.29,"rocky island; lakes; mountain","temperate; tropical"
962,"Hikari Nebula Titanos",9907,9.57,1.143,2.03,"hill; valley","windy; hot; humid; rocky"
963,"Starglow Spectra Janusian",5512,1.75,0.935,1.23,"hill; ash; rocky desert; lakes; tundra; jungle; reef; rock arche; canyons","windy; humid; artificial temperate; artic; temperate; rocky; superheated"
964,"Darkonix Phi",562,7.38,1.131,1.87,"rock arche","hot; temperate"
965,"Fjellstone Secant",2172,0.4,1.158,0.7,"mountain; lava river; ice canyon; plain; ash; river","frozen; rocky; subartic; windy; hot"
966,"Fjellstone Septimal",2172,1.21,0.647,1.23,"jungle; city","tropical"
967,"Fjellstone Octal",2172,1.58,0.999,1.17,"forest; acid pool; fungus forest; ocean; field","humid; temperate; windy; hot; tropical"
968,"Quasarion Octal",6388,4.76,1.415,1.5,"mountain","frigid; subartic"
969,"Nebula Nova Liu",7003,0.38,0.99,NA,"mountain; rock arche","tropical; artificial temperate; windy; artic"
970,"Wyrmslayer San",3092,7.93,0.724,2.22,"desert; acid pool; forest","rocky; superheated"
971,"Wyrmslayer Qi",3092,4.87,0.837,1.8,"toxic cloudsea","tropical; frozen"
972,"Wyrmslayer Er",3092,0.56,0.935,0.84,"river; urban; cityscape; cave; ice canyon; lakes; reef; field","artic; frozen; frigid; superheated; temperate; hot; artificial temperate"
973,"Wyrmslayer Ba",3092,2.01,0.859,1.33,"cave; rock arche","subartic"
974,"Celestrium Decimal",8033,3.24,1.44,1.31,"fungus forest; vine; river; toxic cloudsea","humid; rocky; arid; artic; frozen; subartic"
975,"Celestrium Nonal",8033,3.73,1.142,1.48,"mountain; urban; forest; lakes; sea","subartic; temperate; artificial temperate; tropical"
976,"Celestrium Quartal",8033,7.82,1.196,1.87,"rocky desert; grassy hill; island; grassland","humid; subartic; tropical; temperate"
977,"Celestrium Sextant",8033,0.85,0.558,1.15,"verdant; glacier","artic; temperate; humid; frigid; rocky"
978,"Algedi Secant",2557,8.02,1.181,1.89,"bog; tundra; plain; vine; cave","windy; humid; frigid; subartic"
979,"Algedi Undecimal",2557,6.78,1.913,1.52,"rocky canyon; forest","subartic; frigid; temperate; artificial temperate"
980,"Algedi Tertial",2557,1.68,0.813,1.27,"city; tundra; fungus forest; cliff; plateau; reef; swamp; bog","superheated; frigid; windy; rocky; temperate; hot; tropical"
981,"Galactic Ember Beta",1415,6.72,1.133,1.81,"vine; swamp; verdant; rocky canyon; hill; toxic cloudsea; desert; bog","humid; frigid; temperate; subartic; hot; frozen; artificial temperate"
982,"Galactic Ember Nu",1415,1.79,0.907,1.25,"lava river; valley","rocky; frozen; frigid; temperate; arid"
983,"Galactic Ember Chi",1415,3.41,0.806,1.62,"jungle; ocean; rainforest; savanna","tropical; windy; artic; humid; arid; frozen"
984,"Ignitionix Er",3413,5.69,1.329,1.62,"river; reef; ash; cave; desert; cityscape; rock arche; jungle","humid; artificial temperate; rocky; subartic; windy; hot"
985,"Scarabian Cosmos Jiu",1486,1.43,0.969,1.14,"rocky canyon; ash; cityscape","artic; arid; tropical; superheated; frigid; hot"
986,"Scarabian Cosmos Wu",1486,6.63,0.503,2.36,"cityscape; lava river","frozen; artic; artificial temperate; subartic; hot"
987,"Ainalrami Orphean",906,2.09,0.845,1.35,"glacier; rocky desert; vine; ice cave; rock arche","subartic; rocky; humid"
988,"Alsafi XXI",6433,2.48,1.032,1.34,"rocky canyon; tundra","artificial temperate; tropical; superheated; subartic; arid"
989,"Alsafi XI",6433,9.65,0.549,2.6,"urban; valley; sea; glacier","rocky; artificial temperate; superheated; subartic"
990,"Nebula Radiance Yi",5020,5.89,1.027,1.79,"cave","windy; superheated"
991,"Nebula Radiance Wu",5020,1.79,1.353,1.1,"reef; desert; cityscape; cave; lava river","humid; hot; temperate"
992,"Nebula Radiance Jiu",5020,0.97,0.909,1.02,"ash; island; valley","hot; superheated; windy; rocky; subartic"
993,"Nebula Radiance Ba",5020,5.45,1.585,1.51,"ice canyon; rocky desert","artic; subartic; tropical; temperate; windy"
994,"Tsukiyo XIV",825,3.6,0.835,1.63,"reef; river; cityscape","frozen; artic; artificial temperate"
995,"Tsukiyo IV",825,0.94,1.377,0.88,"rock arche","windy; frozen; arid; tropical; artic"
996,"Tsukiyo II",825,6.75,0.962,1.91,"grassland","tropical; humid; windy; hot; temperate"
997,"Tsukiyo XXIII",825,2.86,0.834,1.51,"toxic cloudsea; canyons; hill; jungle; rocky canyon; field; sea; ice canyon","temperate; humid; frozen; artic; windy; artificial temperate"
998,"Kagayaki XIV",3623,5.16,1.016,1.72,"reef; city; mountain","frozen; humid; frigid; superheated; windy"
999,"Baekdu Hestian",4105,1.11,0.903,1.07,"ice canyon; desert; bog; rainforest; ice cave; canyons; jungle","humid; tropical; artificial temperate; temperate; superheated; frigid; hot"
1000,"Zenitharian Wu",147,1.23,1.508,0.93,"island; bog; sea; plateau; river; ice cave; desert","windy; frigid; superheated; humid; rocky; artic"
1001,"Zenitharian Si",147,8.16,1.463,1.77,"hill; rock arche; island","temperate; superheated"
1002,"Umbral Silence Oranos",6408,2.73,1.173,1.33,"cityscape; reef","frigid; artic"
1003,"Umbral Silence Janusian",6408,0.99,1.305,0.91,"island; grassland; reef; jungle; volcano; toxic cloudsea","artic; frigid; windy; superheated; humid"
1004,"Umbral Silence Astraeos",6408,1.01,1.125,0.96,"rocky desert; plateau; rocky canyon; rocky island; glacier; mountain","frozen; arid; tropical; artificial temperate; temperate; frigid; artic"
1005,"Cosmic Elegance Quintal",4754,1.88,1.197,NA,"jungle","humid; subartic; windy"
1006,"Kiseki Expanse XXIV",1791,1.27,0.848,1.14,"scrubland; lakes; plateau; ice canyon; ocean; island; river; ice cave","arid; tropical; windy; artic; rocky; temperate; humid"
1007,"Tegmine Sextant",7886,1.65,1.196,1.11,"toxic cloudsea","artificial temperate; windy; frozen; frigid; humid; artic"
1008,"Tegmine Secant",7886,1.4,0.936,1.14,"verdant","temperate"
1009,"Bibhā Octal",7958,8.21,1.227,1.88,"sinkholes; rainforest; ice cave; lava river","superheated; arid; frozen"
1010,"Stellaria Crypt Quartal",6845,1.69,1.046,1.17,"cityscape; ice cave","frozen; humid"
1011,"Cosmic Gaze Lambda",7134,0.76,1.207,0.86,"grassy hill; sea; ash","artic; hot"
1012,"Cosmic Gaze Gamma",7134,5.8,0.914,1.85,"desert; ocean; ice canyon; fungus forest; river; glacier; valley; verdant; island","artic; arid; superheated; hot; windy; tropical; temperate"
1013,"Cosmic Gaze Omicron",7134,2.79,0.681,1.6,"river; urban","artificial temperate; hot; humid; artic"
